--
-- PostgreSQL database cluster dump
--

SET default_transaction_read_only = off;

SET client_encoding = 'UTF8';
SET standard_conforming_strings = on;

--
-- Drop databases (except postgres and template1)
--






--
-- Drop roles
--




--
-- Roles
--


ALTER ROLE "user" WITH SUPERUSER INHERIT CREATEROLE CREATEDB LOGIN REPLICATION BYPASSRLS PASSWORD 'SCRAM-SHA-256$4096:JOYc9ZEoRRqD5qpaJXrU2Q==$u80JjkYxgjzIF1CD6gRBahD7P/WRxH7gf9Nxhe4P92Q=:73mngfQP5PNwWOZRtaAcgTVyd1ym4u8bLuIEn2ttVEY=';

--
-- User Configurations
--








--
-- Databases
--

--
-- Database "template1" dump
--

--
-- PostgreSQL database dump
--

-- Dumped from database version 15.13 (Debian 15.13-1.pgdg120+1)
-- Dumped by pg_dump version 15.13 (Debian 15.13-1.pgdg120+1)

SET statement_timeout = 0;
SET lock_timeout = 0;
SET idle_in_transaction_session_timeout = 0;
SET client_encoding = 'UTF8';
SET standard_conforming_strings = on;
SELECT pg_catalog.set_config('search_path', '', false);
SET check_function_bodies = false;
SET xmloption = content;
SET client_min_messages = warning;
SET row_security = off;

UPDATE pg_catalog.pg_database SET datistemplate = false WHERE datname = 'template1';
DROP DATABASE template1;
--
-- Name: template1; Type: DATABASE; Schema: -; Owner: user
--

CREATE DATABASE template1 WITH TEMPLATE = template0 ENCODING = 'UTF8' LOCALE_PROVIDER = libc LOCALE = 'en_US.utf8';


ALTER DATABASE template1 OWNER TO "user";

\connect template1

SET statement_timeout = 0;
SET lock_timeout = 0;
SET idle_in_transaction_session_timeout = 0;
SET client_encoding = 'UTF8';
SET standard_conforming_strings = on;
SELECT pg_catalog.set_config('search_path', '', false);
SET check_function_bodies = false;
SET xmloption = content;
SET client_min_messages = warning;
SET row_security = off;

--
-- Name: DATABASE template1; Type: COMMENT; Schema: -; Owner: user
--

COMMENT ON DATABASE template1 IS 'default template for new databases';


--
-- Name: template1; Type: DATABASE PROPERTIES; Schema: -; Owner: user
--

ALTER DATABASE template1 IS_TEMPLATE = true;


\connect template1

SET statement_timeout = 0;
SET lock_timeout = 0;
SET idle_in_transaction_session_timeout = 0;
SET client_encoding = 'UTF8';
SET standard_conforming_strings = on;
SELECT pg_catalog.set_config('search_path', '', false);
SET check_function_bodies = false;
SET xmloption = content;
SET client_min_messages = warning;
SET row_security = off;

--
-- Name: DATABASE template1; Type: ACL; Schema: -; Owner: user
--

REVOKE CONNECT,TEMPORARY ON DATABASE template1 FROM PUBLIC;
GRANT CONNECT ON DATABASE template1 TO PUBLIC;


--
-- PostgreSQL database dump complete
--

--
-- Database "mydatabase" dump
--

--
-- PostgreSQL database dump
--

-- Dumped from database version 15.13 (Debian 15.13-1.pgdg120+1)
-- Dumped by pg_dump version 15.13 (Debian 15.13-1.pgdg120+1)

SET statement_timeout = 0;
SET lock_timeout = 0;
SET idle_in_transaction_session_timeout = 0;
SET client_encoding = 'UTF8';
SET standard_conforming_strings = on;
SELECT pg_catalog.set_config('search_path', '', false);
SET check_function_bodies = false;
SET xmloption = content;
SET client_min_messages = warning;
SET row_security = off;

--
-- Name: mydatabase; Type: DATABASE; Schema: -; Owner: user
--




ALTER DATABASE mydatabase OWNER TO "user";

\connect mydatabase

SET statement_timeout = 0;
SET lock_timeout = 0;
SET idle_in_transaction_session_timeout = 0;
SET client_encoding = 'UTF8';
SET standard_conforming_strings = on;
SELECT pg_catalog.set_config('search_path', '', false);
SET check_function_bodies = false;
SET xmloption = content;
SET client_min_messages = warning;
SET row_security = off;

SET default_tablespace = '';

SET default_table_access_method = heap;

--
-- Name: categories; Type: TABLE; Schema: public; Owner: user
--

CREATE TABLE public.categories (
    id integer NOT NULL,
    name character varying(100) NOT NULL,
    description text,
    created_at timestamp without time zone DEFAULT CURRENT_TIMESTAMP
);


ALTER TABLE public.categories OWNER TO "user";

--
-- Name: categories_id_seq; Type: SEQUENCE; Schema: public; Owner: user
--

CREATE SEQUENCE public.categories_id_seq
    AS integer
    START WITH 1
    INCREMENT BY 1
    NO MINVALUE
    NO MAXVALUE
    CACHE 1;


ALTER TABLE public.categories_id_seq OWNER TO "user";

--
-- Name: categories_id_seq; Type: SEQUENCE OWNED BY; Schema: public; Owner: user
--

ALTER SEQUENCE public.categories_id_seq OWNED BY public.categories.id;


--
-- Name: products; Type: TABLE; Schema: public; Owner: user
--

CREATE TABLE public.products (
    id integer NOT NULL,
    name character varying(255) NOT NULL,
    description text,
    price numeric(10,2) NOT NULL,
    category_id integer,
    stock_quantity integer DEFAULT 0 NOT NULL,
    created_at timestamp without time zone DEFAULT CURRENT_TIMESTAMP,
    updated_at timestamp without time zone
);


ALTER TABLE public.products OWNER TO "user";

--
-- Name: products_id_seq; Type: SEQUENCE; Schema: public; Owner: user
--

CREATE SEQUENCE public.products_id_seq
    AS integer
    START WITH 1
    INCREMENT BY 1
    NO MINVALUE
    NO MAXVALUE
    CACHE 1;


ALTER TABLE public.products_id_seq OWNER TO "user";

--
-- Name: products_id_seq; Type: SEQUENCE OWNED BY; Schema: public; Owner: user
--

ALTER SEQUENCE public.products_id_seq OWNED BY public.products.id;


--
-- Name: sales; Type: TABLE; Schema: public; Owner: user
--

CREATE TABLE public.sales (
    id integer NOT NULL,
    product_id integer NOT NULL,
    user_id integer NOT NULL,
    quantity integer NOT NULL,
    total_price numeric(10,2) NOT NULL,
    sale_date timestamp without time zone DEFAULT CURRENT_TIMESTAMP,
    CONSTRAINT sales_quantity_check CHECK ((quantity > 0))
);


ALTER TABLE public.sales OWNER TO "user";

--
-- Name: sales_id_seq; Type: SEQUENCE; Schema: public; Owner: user
--

CREATE SEQUENCE public.sales_id_seq
    AS integer
    START WITH 1
    INCREMENT BY 1
    NO MINVALUE
    NO MAXVALUE
    CACHE 1;


ALTER TABLE public.sales_id_seq OWNER TO "user";

--
-- Name: sales_id_seq; Type: SEQUENCE OWNED BY; Schema: public; Owner: user
--

ALTER SEQUENCE public.sales_id_seq OWNED BY public.sales.id;


--
-- Name: users; Type: TABLE; Schema: public; Owner: user
--

CREATE TABLE public.users (
    id integer NOT NULL,
    first_name character varying(50) NOT NULL,
    last_name character varying(50),
    email character varying(100) NOT NULL,
    password_hash character varying(255) NOT NULL,
    phone_number character varying(20),
    date_of_birth date,
    registration_date timestamp without time zone DEFAULT CURRENT_TIMESTAMP,
    last_login timestamp without time zone,
    is_active boolean DEFAULT true
);


ALTER TABLE public.users OWNER TO "user";

--
-- Name: users_id_seq; Type: SEQUENCE; Schema: public; Owner: user
--

CREATE SEQUENCE public.users_id_seq
    AS integer
    START WITH 1
    INCREMENT BY 1
    NO MINVALUE
    NO MAXVALUE
    CACHE 1;


ALTER TABLE public.users_id_seq OWNER TO "user";

--
-- Name: users_id_seq; Type: SEQUENCE OWNED BY; Schema: public; Owner: user
--

ALTER SEQUENCE public.users_id_seq OWNED BY public.users.id;


--
-- Name: categories id; Type: DEFAULT; Schema: public; Owner: user
--

ALTER TABLE ONLY public.categories ALTER COLUMN id SET DEFAULT nextval('public.categories_id_seq'::regclass);


--
-- Name: products id; Type: DEFAULT; Schema: public; Owner: user
--

ALTER TABLE ONLY public.products ALTER COLUMN id SET DEFAULT nextval('public.products_id_seq'::regclass);


--
-- Name: sales id; Type: DEFAULT; Schema: public; Owner: user
--

ALTER TABLE ONLY public.sales ALTER COLUMN id SET DEFAULT nextval('public.sales_id_seq'::regclass);


--
-- Name: users id; Type: DEFAULT; Schema: public; Owner: user
--

ALTER TABLE ONLY public.users ALTER COLUMN id SET DEFAULT nextval('public.users_id_seq'::regclass);


--
-- Data for Name: categories; Type: TABLE DATA; Schema: public; Owner: user
--

COPY public.categories (id, name, description, created_at) FROM stdin;
1	Electronics	Devices and gadgets including phones, computers, and accessories.	2025-06-30 07:14:59.633321
2	Books	Various genres of books, including fiction, non-fiction, and educational.	2025-06-30 07:14:59.633321
3	Clothing	Apparel for men, women, and children.	2025-06-30 07:14:59.633321
4	Home & Kitchen	Items for home decor, kitchenware, and small appliances.	2025-06-30 07:14:59.633321
5	Sports & Outdoors	Equipment and gear for various sports and outdoor activities.	2025-06-30 07:14:59.633321
6	Beauty & Personal Care	Cosmetics, skincare, haircare, and personal hygiene products.	2025-06-30 07:14:59.633321
7	Toys & Games	Toys for children and board games for all ages.	2025-06-30 07:14:59.633321
8	Automotive	Parts, accessories, and tools for vehicles.	2025-06-30 07:14:59.633321
9	Groceries	Food and beverage items for daily consumption.	2025-06-30 07:14:59.633321
10	Health & Wellness	Supplements, fitness equipment, and wellness products.	2025-06-30 07:14:59.633321
\.


--
-- Data for Name: products; Type: TABLE DATA; Schema: public; Owner: user
--

COPY public.products (id, name, description, price, category_id, stock_quantity, created_at, updated_at) FROM stdin;
1	Smartphone X1	High-end smartphone with advanced features.	999.99	1	150	2025-06-30 07:16:24.969014	\N
2	Laptop Pro 15	Powerful laptop for professional use.	1499.50	1	100	2025-06-30 07:16:24.969014	\N
3	Wireless Earbuds	Compact and high-quality wireless earbuds.	129.00	1	300	2025-06-30 07:16:24.969014	\N
4	Smartwatch Z	Feature-rich smartwatch for health and fitness.	249.99	1	200	2025-06-30 07:16:24.969014	\N
5	4K LED TV 55"	Large screen 4K TV for immersive viewing.	799.00	1	80	2025-06-30 07:16:24.969014	\N
6	The Great Novel	A captivating fiction novel.	19.99	2	500	2025-06-30 07:16:24.969014	\N
7	Science Textbook	Comprehensive textbook for physics students.	45.00	2	200	2025-06-30 07:16:24.969014	\N
8	Cookbook: Italian	Authentic Italian recipes for home cooking.	25.50	2	150	2025-06-30 07:16:24.969014	\N
9	History of the World	An extensive historical overview.	35.75	2	250	2025-06-30 07:16:24.969014	\N
10	Fantasy Epic Series	First book in a thrilling fantasy series.	22.00	2	400	2025-06-30 07:16:24.969014	\N
11	Men's Classic T-Shirt	Comfortable cotton t-shirt for everyday wear.	15.00	3	1000	2025-06-30 07:16:24.969014	\N
12	Women's Denim Jeans	Stylish and durable denim jeans.	49.99	3	750	2025-06-30 07:16:24.969014	\N
13	Kids' Rain Jacket	Waterproof jacket for children.	35.00	3	300	2025-06-30 07:16:24.969014	\N
14	Summer Dress	Lightweight and fashionable summer dress.	40.00	3	600	2025-06-30 07:16:24.969014	\N
15	Winter Coat	Warm and insulated coat for cold weather.	120.00	3	200	2025-06-30 07:16:24.969014	\N
16	Coffee Maker	Automatic coffee maker with programmable settings.	75.00	4	180	2025-06-30 07:16:24.969014	\N
17	Blender Pro	High-power blender for smoothies and soups.	89.99	4	120	2025-06-30 07:16:24.969014	\N
18	Non-Stick Pan Set	Set of essential non-stick frying pans.	65.00	4	250	2025-06-30 07:16:24.969014	\N
19	Decorative Vase	Elegant ceramic vase for home decor.	30.00	4	350	2025-06-30 07:16:24.969014	\N
20	Toaster Oven	Compact toaster oven for small kitchens.	55.00	4	100	2025-06-30 07:16:24.969014	\N
21	Yoga Mat	Non-slip yoga mat for all types of yoga.	25.00	5	400	2025-06-30 07:16:24.969014	\N
22	Running Shoes	Lightweight running shoes for performance.	80.00	5	250	2025-06-30 07:16:24.969014	\N
23	Camping Tent	Spacious tent for outdoor camping.	150.00	5	70	2025-06-30 07:16:24.969014	\N
24	Dumbbell Set 10kg	Adjustable dumbbell set for home workouts.	60.00	5	100	2025-06-30 07:16:24.969014	\N
25	Hiking Backpack	Durable backpack for long hikes.	95.00	5	130	2025-06-30 07:16:24.969014	\N
26	Face Cleanser	Gentle facial cleanser for daily use.	18.00	6	600	2025-06-30 07:16:24.969014	\N
27	Moisturizing Cream	Hydrating cream for all skin types.	28.50	6	450	2025-06-30 07:16:24.969014	\N
28	Shampoo & Conditioner Set	Hair care set for healthy and shiny hair.	22.00	6	500	2025-06-30 07:16:24.969014	\N
29	Perfume Elegance	Long-lasting elegant perfume.	70.00	6	200	2025-06-30 07:16:24.969014	\N
30	Electric Toothbrush	Advanced electric toothbrush for superior cleaning.	55.00	6	300	2025-06-30 07:16:24.969014	\N
31	Building Blocks Set	Large set of colorful building blocks for kids.	40.00	7	300	2025-06-30 07:16:24.969014	\N
32	Board Game: Strategy	Challenging strategy board game for adults.	35.00	7	200	2025-06-30 07:16:24.969014	\N
33	Action Figure Hero	Collectible action figure with accessories.	20.00	7	400	2025-06-30 07:16:24.969014	\N
34	Puzzle 1000 Pieces	Complex jigsaw puzzle for hours of fun.	18.00	7	250	2025-06-30 07:16:24.969014	\N
35	Remote Control Car	High-speed remote control car.	50.00	7	150	2025-06-30 07:16:24.969014	\N
36	Car Phone Mount	Universal car mount for smartphones.	12.00	8	800	2025-06-30 07:16:24.969014	\N
37	Jump Starter Kit	Portable jump starter for car batteries.	75.00	8	100	2025-06-30 07:16:24.969014	\N
38	Tire Pressure Gauge	Digital tire pressure gauge for accuracy.	10.00	8	1000	2025-06-30 07:16:24.969014	\N
39	Car Cleaning Kit	Complete kit for washing and detailing your car.	30.00	8	300	2025-06-30 07:16:24.969014	\N
40	Dash Cam	Full HD dash camera for recording drives.	60.00	8	200	2025-06-30 07:16:24.969014	\N
41	Organic Apples 1kg	Fresh organic apples, 1 kilogram.	3.50	9	1000	2025-06-30 07:16:24.969014	\N
42	Whole Wheat Bread	Freshly baked whole wheat bread.	4.00	9	700	2025-06-30 07:16:24.969014	\N
43	Milk 1 Liter	Fresh dairy milk, 1 liter.	2.00	9	1200	2025-06-30 07:16:24.969014	\N
44	Ground Coffee 250g	Premium ground coffee for brewing.	8.00	9	400	2025-06-30 07:16:24.969014	\N
45	Pasta Spaghetti 500g	Classic spaghetti pasta.	2.50	9	900	2025-06-30 07:16:24.969014	\N
46	Vitamin C Supplement	Daily vitamin C supplement.	20.00	10	500	2025-06-30 07:16:24.969014	\N
47	Protein Powder 1kg	Whey protein powder for muscle recovery.	45.00	10	300	2025-06-30 07:16:24.969014	\N
48	Resistance Bands Set	Set of resistance bands for exercise.	25.00	10	400	2025-06-30 07:16:24.969014	\N
49	Fish Oil Omega-3	Omega-3 fatty acid supplement.	30.00	10	350	2025-06-30 07:16:24.969014	\N
50	Digital Blood Pressure Monitor	Easy-to-use blood pressure monitor.	60.00	10	150	2025-06-30 07:16:24.969014	\N
\.


--
-- Data for Name: sales; Type: TABLE DATA; Schema: public; Owner: user
--

COPY public.sales (id, product_id, user_id, quantity, total_price, sale_date) FROM stdin;
2	25	9	4	380.00	2024-11-08 01:56:16.536704
3	24	27	2	120.00	2024-10-29 00:26:38.618353
4	42	97	1	4.00	2024-08-05 03:15:04.328642
5	3	99	3	387.00	2025-06-17 03:00:32.554888
6	4	83	3	749.97	2025-02-05 17:35:14.388409
7	27	22	4	114.00	2024-07-25 08:58:22.925607
8	29	54	4	280.00	2025-01-14 16:26:29.297073
9	9	44	4	143.00	2025-02-21 16:36:26.84105
10	47	80	4	180.00	2024-07-09 07:42:25.769534
11	17	60	4	359.96	2024-10-09 19:50:50.56362
12	25	49	2	190.00	2024-07-01 07:27:08.225208
13	40	19	3	180.00	2024-08-31 04:31:51.212042
14	8	81	1	25.50	2024-08-12 00:28:34.02761
15	16	62	1	75.00	2025-02-21 10:37:25.211863
16	8	1	5	127.50	2024-08-04 07:34:59.843255
17	25	37	5	475.00	2024-09-30 16:47:12.967869
18	20	3	1	55.00	2024-09-26 05:17:01.21991
19	31	46	2	80.00	2024-12-19 02:44:50.992124
20	48	49	5	125.00	2024-07-01 21:18:16.919987
21	28	90	5	110.00	2024-10-30 09:21:19.562552
22	13	99	2	70.00	2025-03-08 08:20:38.006464
23	29	31	3	210.00	2025-02-23 18:57:37.414921
24	47	41	2	90.00	2024-09-15 08:53:05.416067
25	48	57	1	25.00	2024-08-05 22:57:22.322911
26	17	5	5	449.95	2025-06-03 06:58:50.456509
27	1	97	3	2999.97	2024-10-31 20:42:19.063326
28	4	16	2	499.98	2024-08-11 06:58:38.816382
29	21	61	2	50.00	2025-06-29 03:16:34.639194
30	29	65	2	140.00	2024-12-14 13:47:26.638272
31	5	76	4	3196.00	2024-07-08 23:15:41.981906
32	17	91	2	179.98	2024-09-07 09:43:01.375277
33	47	80	2	90.00	2025-06-04 18:21:52.807092
34	16	15	1	75.00	2024-08-27 06:05:26.727853
35	15	90	4	480.00	2025-05-11 21:06:31.167624
36	15	68	2	240.00	2025-05-03 05:01:37.448643
37	38	35	5	50.00	2024-08-08 19:51:19.898075
38	8	93	3	76.50	2024-09-05 21:47:54.577437
39	44	76	2	16.00	2025-05-28 16:06:30.342423
40	44	92	2	16.00	2024-09-23 06:14:47.119965
41	2	3	2	2999.00	2024-08-22 07:42:27.793093
42	30	69	1	55.00	2024-12-05 16:58:32.184985
43	34	55	1	18.00	2024-10-09 20:18:04.707466
44	41	10	2	7.00	2025-01-04 07:18:20.579712
45	46	40	2	40.00	2025-02-03 15:16:49.01478
46	34	16	3	54.00	2024-07-31 19:37:18.588584
47	20	33	5	275.00	2024-10-14 19:12:47.995781
48	21	45	4	100.00	2024-11-30 21:53:38.895157
49	38	94	1	10.00	2024-11-13 23:27:12.252407
50	28	83	5	110.00	2025-01-30 23:48:49.18879
51	42	30	3	12.00	2025-05-15 06:48:14.730785
52	3	52	4	516.00	2025-04-01 10:13:18.930545
53	24	96	4	240.00	2025-02-20 20:23:12.964496
54	13	96	3	105.00	2025-04-15 11:26:56.212019
55	7	96	1	45.00	2025-02-10 06:48:09.741413
56	40	35	5	300.00	2024-07-31 00:04:54.944619
57	42	92	3	12.00	2025-03-18 09:09:27.074364
58	41	91	5	17.50	2025-04-26 17:20:32.682113
59	23	52	1	150.00	2025-02-08 09:54:04.535104
60	40	51	5	300.00	2024-11-28 08:38:56.06483
61	26	19	2	36.00	2024-12-10 02:46:14.149312
62	34	18	3	54.00	2024-09-05 04:13:32.34531
63	24	64	4	240.00	2025-05-23 15:46:30.531275
64	41	39	5	17.50	2024-09-21 21:00:37.049249
65	44	5	2	16.00	2025-01-14 03:39:26.164045
66	43	17	4	8.00	2024-12-08 08:28:38.571236
67	21	26	4	100.00	2024-12-02 20:28:56.120356
68	24	48	3	180.00	2025-04-08 09:39:10.471955
69	18	46	1	65.00	2024-11-29 23:01:36.930461
70	41	18	4	14.00	2024-10-28 14:34:21.051862
71	37	17	2	150.00	2024-11-08 16:13:54.125329
72	45	26	5	12.50	2025-03-13 16:44:08.076653
73	10	45	1	22.00	2024-08-14 12:48:21.007104
74	11	58	2	30.00	2024-08-24 01:23:06.511056
75	38	77	2	20.00	2025-06-11 23:12:12.041819
76	43	8	2	4.00	2025-02-18 12:33:49.10539
77	32	90	1	35.00	2024-11-07 03:47:36.647703
78	35	91	2	100.00	2024-11-13 03:58:36.853566
79	46	75	5	100.00	2025-04-13 09:47:19.26797
80	36	39	4	48.00	2024-08-23 02:16:46.111522
81	3	20	3	387.00	2025-02-23 20:55:33.930482
82	29	37	2	140.00	2024-12-27 18:37:33.511583
83	7	45	4	180.00	2024-08-29 17:36:54.675609
84	44	15	1	8.00	2024-11-01 16:16:41.817511
85	12	49	3	149.97	2024-08-11 20:26:21.938481
86	40	81	1	60.00	2025-05-01 15:12:21.393317
87	10	22	5	110.00	2025-06-23 17:03:19.453282
88	17	23	1	89.99	2025-04-05 16:07:21.235024
89	42	7	2	8.00	2024-09-17 10:21:19.205956
90	9	74	5	178.75	2024-12-06 00:07:46.743493
91	40	45	2	120.00	2024-10-16 03:44:15.324713
92	33	45	5	100.00	2024-12-06 11:36:21.228936
93	33	24	1	20.00	2024-10-01 17:42:49.288723
94	48	64	3	75.00	2025-03-08 05:23:27.015903
95	9	24	1	35.75	2024-12-04 14:48:17.57026
96	31	74	2	80.00	2024-09-05 18:07:27.976802
97	18	54	1	65.00	2024-12-23 20:04:21.546791
98	47	40	3	135.00	2024-09-30 10:32:07.505546
99	23	86	2	300.00	2025-04-18 07:39:07.47174
100	13	17	4	140.00	2025-01-16 23:06:21.142717
101	28	4	5	110.00	2025-02-26 13:53:54.02652
102	37	17	2	150.00	2025-05-11 22:52:14.317676
103	48	8	2	50.00	2025-05-17 19:50:57.503889
104	40	4	4	240.00	2025-04-07 21:20:12.443793
105	44	7	3	24.00	2025-05-08 04:17:47.622911
106	42	1	4	16.00	2025-05-28 01:27:45.126324
107	39	13	3	90.00	2024-12-13 02:55:03.998164
108	26	77	2	36.00	2025-06-25 18:21:04.962218
109	33	61	2	40.00	2024-11-04 19:46:36.684839
110	34	49	4	72.00	2025-05-16 03:06:07.643695
111	43	33	3	6.00	2025-04-07 01:41:53.065047
112	28	3	2	44.00	2024-09-19 06:47:43.401929
113	14	16	3	120.00	2024-07-03 04:12:35.484859
114	35	66	1	50.00	2024-08-08 13:40:46.44964
115	21	31	5	125.00	2024-07-08 18:29:40.158359
116	35	88	5	250.00	2025-03-10 02:03:51.897963
117	31	91	1	40.00	2025-04-12 03:58:50.797223
118	26	51	3	54.00	2025-03-01 21:24:57.721114
119	46	3	5	100.00	2025-05-13 12:02:33.430922
120	20	68	2	110.00	2025-04-08 11:32:10.633576
121	20	38	3	165.00	2025-06-05 17:30:34.052413
122	32	80	4	140.00	2024-12-03 20:46:56.581731
123	24	38	3	180.00	2024-11-29 21:38:00.22749
124	38	3	3	30.00	2025-02-18 05:31:52.147865
125	19	93	3	90.00	2025-05-24 16:41:13.422478
126	22	51	3	240.00	2025-04-07 06:58:00.031049
127	37	1	1	75.00	2025-03-07 20:20:14.989828
128	48	48	2	50.00	2024-08-01 09:17:53.12912
129	46	1	2	40.00	2025-05-24 01:15:17.740867
130	48	12	5	125.00	2024-08-11 13:54:32.861052
131	41	85	3	10.50	2025-01-21 11:42:29.971439
132	31	85	3	120.00	2025-06-27 05:43:39.530814
133	48	49	5	125.00	2024-11-24 22:41:37.186222
134	4	8	5	1249.95	2024-11-26 19:00:08.494396
135	2	89	4	5998.00	2024-12-04 18:22:45.669093
136	38	3	1	10.00	2025-03-12 07:15:23.158612
137	44	87	3	24.00	2025-01-14 17:26:17.605889
138	25	10	4	380.00	2025-01-13 22:19:39.997702
139	4	80	3	749.97	2025-02-14 19:52:24.455954
140	44	2	4	32.00	2025-02-01 14:46:05.278841
141	36	68	4	48.00	2024-07-17 12:56:48.117339
142	22	22	1	80.00	2024-11-02 12:08:15.485438
143	8	49	1	25.50	2025-03-09 08:27:46.783079
144	35	71	1	50.00	2024-09-05 07:44:00.744518
145	43	13	4	8.00	2024-11-21 06:48:39.016022
146	23	22	3	450.00	2025-04-13 21:00:07.555149
147	12	95	2	99.98	2024-08-09 04:23:51.630807
148	37	91	5	375.00	2024-10-19 07:23:45.345212
149	30	47	2	110.00	2025-05-18 08:35:41.157257
150	44	25	3	24.00	2025-01-27 03:55:38.289319
151	13	47	5	175.00	2025-01-05 23:36:54.8341
152	39	11	3	90.00	2024-10-30 02:06:23.750943
153	15	47	4	480.00	2024-07-12 10:54:17.286827
154	46	96	1	20.00	2024-08-30 08:26:05.501011
155	50	62	3	180.00	2024-12-29 14:28:15.573561
156	28	39	5	110.00	2024-09-26 05:41:40.315931
157	35	36	3	150.00	2025-06-28 18:09:59.002027
158	19	73	2	60.00	2025-05-12 05:29:54.899823
159	10	10	4	88.00	2024-12-11 02:40:36.735462
160	26	49	5	90.00	2024-10-06 04:19:47.438131
161	40	100	4	240.00	2025-03-01 19:48:13.851549
162	49	45	2	60.00	2024-10-10 12:58:15.480279
163	12	88	5	249.95	2025-02-22 05:32:29.383314
164	50	5	2	120.00	2024-10-03 18:22:37.561406
165	28	26	1	22.00	2025-06-01 15:55:05.146653
166	34	93	1	18.00	2024-09-30 19:35:20.151578
167	20	10	4	220.00	2024-11-21 15:09:16.941525
168	5	22	3	2397.00	2025-06-03 14:40:25.398931
169	3	1	5	645.00	2025-06-19 17:02:06.216673
170	40	59	2	120.00	2024-09-29 07:17:45.436452
171	41	52	3	10.50	2024-12-30 20:58:27.32241
172	26	42	3	54.00	2025-06-17 17:37:37.123987
173	8	41	4	102.00	2025-04-17 01:34:02.647342
174	33	25	4	80.00	2025-05-03 03:04:50.592354
175	3	12	2	258.00	2025-05-26 17:03:24.613723
176	21	90	2	50.00	2024-08-17 19:53:21.679073
177	22	99	4	320.00	2024-10-02 19:52:57.800954
178	16	82	4	300.00	2025-03-03 07:09:55.505458
179	45	59	4	10.00	2024-09-13 09:28:12.732689
180	5	40	1	799.00	2025-01-24 05:52:17.341221
181	10	54	4	88.00	2024-08-16 22:04:13.644871
182	8	54	3	76.50	2025-06-11 08:40:13.546508
183	16	82	2	150.00	2024-10-17 23:49:56.90122
184	10	54	3	66.00	2024-12-07 07:49:24.450832
185	12	88	2	99.98	2025-06-28 12:12:06.752279
186	38	53	1	10.00	2025-02-21 00:49:35.053156
187	39	9	1	30.00	2025-01-15 20:06:25.789887
188	44	3	3	24.00	2025-02-08 15:31:51.383834
189	8	10	5	127.50	2024-07-16 12:54:12.764531
190	15	8	2	240.00	2024-09-08 15:34:59.753919
191	10	42	1	22.00	2025-03-17 22:39:49.365821
192	8	8	4	102.00	2024-11-09 22:01:25.903266
193	31	19	3	120.00	2025-05-14 14:00:58.987027
194	48	91	2	50.00	2025-04-15 03:31:32.786255
195	11	25	3	45.00	2024-10-12 03:35:50.999295
196	30	89	4	220.00	2024-09-01 04:42:04.909353
197	40	58	5	300.00	2025-02-05 08:01:19.961676
198	36	29	1	12.00	2024-09-06 03:15:41.012111
199	50	100	5	300.00	2024-08-23 02:19:10.094124
200	28	21	5	110.00	2025-06-10 09:11:28.563366
201	26	10	4	72.00	2025-02-27 18:10:51.588499
202	5	16	3	2397.00	2024-09-30 00:34:19.54778
203	24	20	1	60.00	2024-10-08 09:06:02.492151
204	45	15	4	10.00	2025-02-23 22:57:08.304136
205	45	23	3	7.50	2025-04-30 11:09:15.785908
206	40	94	1	60.00	2025-03-03 22:34:59.293681
207	34	71	2	36.00	2025-03-20 09:33:55.010301
208	28	26	5	110.00	2024-09-02 07:36:05.789093
209	17	59	4	359.96	2025-03-10 21:55:26.868758
210	41	94	5	17.50	2025-05-23 02:04:24.320844
211	4	75	4	999.96	2024-07-24 04:06:40.308031
212	19	62	5	150.00	2025-03-06 01:29:18.317594
213	5	29	4	3196.00	2025-04-07 23:59:34.720643
214	11	39	1	15.00	2024-09-07 12:23:52.280358
215	21	57	2	50.00	2024-12-10 23:38:30.123602
216	29	61	3	210.00	2024-09-01 06:44:42.721669
217	13	54	3	105.00	2024-09-01 13:32:55.493575
218	44	69	3	24.00	2024-12-28 16:48:29.099345
219	47	91	1	45.00	2025-02-22 01:47:43.212647
220	35	66	5	250.00	2024-12-28 04:32:40.59823
221	39	48	5	150.00	2025-01-15 15:51:07.132934
222	20	7	5	275.00	2025-02-23 22:03:14.735598
223	7	70	2	90.00	2025-03-12 02:27:20.497406
224	33	85	2	40.00	2025-05-25 06:11:39.404242
225	18	37	3	195.00	2024-07-17 00:05:03.812236
226	45	47	3	7.50	2025-01-12 13:12:40.981517
227	31	6	2	80.00	2024-10-25 19:08:22.075019
228	21	74	3	75.00	2025-06-21 20:09:16.640203
229	24	73	4	240.00	2024-08-19 07:26:20.353212
230	21	17	3	75.00	2025-03-13 04:50:20.022704
231	37	83	3	225.00	2025-05-02 07:30:12.356316
232	16	61	3	225.00	2025-05-08 10:10:02.190418
233	9	59	4	143.00	2024-11-09 07:04:59.721354
234	15	30	1	120.00	2024-10-27 07:26:39.377755
235	9	41	5	178.75	2025-04-14 02:17:50.153236
236	19	54	1	30.00	2024-09-10 07:28:43.565573
237	9	36	1	35.75	2025-06-11 19:20:06.518153
238	20	5	4	220.00	2025-05-16 09:00:34.091977
239	14	70	1	40.00	2024-07-25 19:23:33.620682
240	11	41	4	60.00	2025-06-09 06:41:32.026084
241	4	45	5	1249.95	2025-06-26 22:16:22.455762
242	7	3	5	225.00	2024-12-17 03:37:23.243139
243	12	16	3	149.97	2024-07-12 19:26:11.193537
244	10	27	2	44.00	2025-03-16 22:47:48.674325
245	11	27	1	15.00	2025-03-30 08:44:28.197467
246	24	96	2	120.00	2025-02-15 10:15:56.810695
247	48	57	4	100.00	2025-04-06 16:37:54.803229
248	27	57	4	114.00	2024-07-20 23:11:16.854761
249	1	1	5	4999.95	2025-06-24 06:01:41.659995
250	48	38	2	50.00	2025-01-29 01:44:54.451871
251	26	33	1	18.00	2025-06-08 05:28:50.699963
252	15	39	4	480.00	2024-08-04 17:31:24.884478
253	26	26	1	18.00	2024-08-10 15:46:41.764218
254	20	54	3	165.00	2025-04-29 19:00:29.108871
255	38	44	5	50.00	2024-10-01 18:54:43.900108
256	34	30	1	18.00	2025-04-04 10:02:43.680134
257	14	6	2	80.00	2024-07-06 17:36:04.260328
258	7	49	3	135.00	2025-05-22 11:11:39.989157
259	50	44	5	300.00	2025-03-09 07:43:23.786228
260	36	16	5	60.00	2025-02-25 05:33:45.290778
261	15	65	4	480.00	2024-07-12 16:05:53.64759
262	49	78	1	30.00	2024-11-24 08:21:52.870749
263	27	63	5	142.50	2025-02-19 18:42:34.453637
264	24	20	3	180.00	2025-02-27 15:46:54.955533
265	36	63	3	36.00	2025-05-18 04:28:17.076089
266	29	71	3	210.00	2025-03-24 20:45:05.485435
267	34	51	4	72.00	2025-03-23 21:45:20.835002
268	37	37	5	375.00	2025-06-25 18:29:11.177276
269	40	42	2	120.00	2025-05-14 00:42:21.2999
270	15	90	2	240.00	2024-12-26 23:44:49.044684
271	4	54	5	1249.95	2025-06-07 09:49:21.894111
272	23	35	1	150.00	2025-03-26 23:09:11.692211
273	12	36	4	199.96	2024-08-22 21:49:40.283338
274	12	11	3	149.97	2024-07-12 23:13:12.654824
275	44	21	2	16.00	2025-05-13 16:36:15.292345
276	15	28	5	600.00	2024-07-18 10:41:22.436181
277	5	16	1	799.00	2025-01-15 19:56:11.034558
278	29	65	2	140.00	2025-01-22 17:48:58.542673
279	14	18	3	120.00	2025-05-16 21:14:23.969735
280	37	59	5	375.00	2025-02-18 09:50:56.926628
281	24	7	1	60.00	2024-10-24 22:11:06.724512
282	18	86	3	195.00	2024-12-10 22:28:05.539381
283	49	69	4	120.00	2025-05-11 11:30:55.14059
284	2	60	4	5998.00	2025-03-28 15:50:26.654413
285	21	61	5	125.00	2025-06-23 01:11:20.516892
286	8	63	2	51.00	2025-02-05 06:57:52.956887
287	43	22	5	10.00	2024-08-29 12:13:04.825725
288	30	82	5	275.00	2025-02-05 14:59:35.162828
289	21	85	2	50.00	2025-04-21 04:38:10.355179
290	13	25	4	140.00	2024-11-12 03:12:50.378489
291	8	46	5	127.50	2025-04-04 08:25:15.398749
292	46	44	2	40.00	2024-08-03 10:33:23.008219
293	48	80	3	75.00	2025-03-06 12:07:06.636254
294	29	80	4	280.00	2025-03-19 17:22:28.828021
295	46	59	3	60.00	2024-11-30 12:43:34.442254
296	22	95	2	160.00	2024-07-25 04:47:19.893928
297	48	78	4	100.00	2025-05-26 10:37:21.867375
298	36	18	1	12.00	2024-09-09 14:55:52.487867
299	25	86	1	95.00	2025-05-10 19:41:39.954041
300	44	28	3	24.00	2024-10-03 15:37:22.494876
301	7	52	3	135.00	2025-01-14 17:09:56.859117
302	7	6	1	45.00	2024-07-10 07:14:46.825414
303	41	92	3	10.50	2024-11-14 16:04:43.927323
304	48	80	2	50.00	2025-02-09 15:49:33.253697
305	21	36	4	100.00	2024-07-10 11:55:17.856708
306	7	7	2	90.00	2024-09-14 05:01:57.838019
307	15	88	1	120.00	2024-08-22 17:57:25.362274
308	35	4	4	200.00	2024-11-02 15:33:33.538304
309	30	40	5	275.00	2025-02-06 08:44:47.880578
310	20	30	5	275.00	2024-11-01 07:30:08.610817
311	30	65	1	55.00	2025-03-15 13:41:43.46376
312	19	42	3	90.00	2024-07-01 15:11:47.939232
313	18	73	1	65.00	2025-06-09 00:48:46.907061
314	38	56	1	10.00	2024-09-06 23:37:08.097514
315	45	47	4	10.00	2025-01-02 16:33:17.412348
316	29	34	2	140.00	2025-03-08 23:04:27.39243
317	40	34	5	300.00	2024-12-08 16:12:51.788655
318	20	59	2	110.00	2025-02-11 09:34:16.704499
319	2	5	4	5998.00	2025-03-15 10:09:55.069421
320	24	78	5	300.00	2024-12-11 03:13:41.110666
321	8	89	4	102.00	2024-07-26 20:14:33.189176
322	13	95	3	105.00	2024-07-11 01:17:41.711274
323	23	79	5	750.00	2024-11-26 22:58:38.403223
324	36	48	3	36.00	2025-03-01 21:25:31.940614
325	10	95	1	22.00	2024-10-30 12:05:27.011685
326	34	64	5	90.00	2024-07-23 22:44:37.470221
327	23	15	3	450.00	2024-09-01 05:36:43.302962
328	32	31	4	140.00	2024-12-11 04:54:15.372038
329	47	6	3	135.00	2024-08-25 17:48:42.275046
330	8	58	1	25.50	2025-02-22 15:56:20.154077
331	38	24	2	20.00	2024-07-04 07:58:37.541356
332	5	80	4	3196.00	2025-02-07 10:49:39.964066
333	40	18	2	120.00	2025-05-29 01:00:13.812168
334	10	69	3	66.00	2025-01-19 23:09:46.091285
335	23	80	4	600.00	2025-02-13 12:23:06.356351
336	21	68	1	25.00	2024-11-10 06:11:55.936289
337	10	90	2	44.00	2025-06-27 23:47:34.817028
338	16	52	1	75.00	2025-03-01 17:25:02.092982
339	29	84	4	280.00	2025-03-28 15:34:50.137169
340	26	3	2	36.00	2024-11-22 14:29:35.986736
341	4	4	2	499.98	2024-08-18 03:24:20.775762
342	32	56	5	175.00	2024-09-03 01:27:44.757129
343	26	62	3	54.00	2024-07-18 14:22:03.863908
344	17	36	4	359.96	2024-10-14 16:14:57.858754
345	5	75	1	799.00	2024-12-16 20:15:09.189595
346	39	58	2	60.00	2024-11-10 04:15:53.527644
347	18	18	1	65.00	2025-06-27 20:40:16.536315
348	23	77	5	750.00	2024-09-03 10:45:31.001444
349	22	40	1	80.00	2025-01-05 23:18:11.060452
350	41	19	5	17.50	2024-07-20 16:10:52.919703
351	21	18	2	50.00	2024-10-25 14:51:56.906779
352	37	56	3	225.00	2025-06-26 03:31:52.361832
353	11	11	1	15.00	2024-07-30 13:16:31.659751
354	31	70	2	80.00	2025-05-22 13:30:13.877831
355	11	86	1	15.00	2025-02-13 15:33:53.754439
356	43	16	5	10.00	2024-12-04 21:19:05.795133
357	14	32	2	80.00	2024-10-24 01:30:32.235656
358	14	93	4	160.00	2025-04-16 18:40:47.925633
359	43	84	2	4.00	2025-02-23 18:09:31.549151
360	50	91	2	120.00	2024-08-19 18:45:26.155382
361	40	31	3	180.00	2025-06-18 14:23:30.786898
362	40	7	2	120.00	2024-11-26 17:01:57.106317
363	43	68	3	6.00	2025-06-22 16:04:01.17224
364	4	24	4	999.96	2025-02-07 07:33:26.858621
365	15	39	1	120.00	2024-08-03 18:10:16.214424
366	12	24	1	49.99	2024-12-29 16:57:57.160709
367	38	4	4	40.00	2024-09-05 02:07:15.178399
368	12	5	2	99.98	2025-03-23 09:41:33.006234
369	31	28	2	80.00	2025-01-01 12:07:29.477779
370	24	66	3	180.00	2024-11-15 17:53:43.537979
371	49	37	1	30.00	2025-01-25 02:14:09.808301
372	25	43	1	95.00	2024-08-20 09:54:09.98662
373	18	82	3	195.00	2025-03-19 02:36:30.385828
374	40	35	5	300.00	2025-06-16 07:05:30.336911
375	46	1	5	100.00	2025-05-26 06:04:32.209368
376	22	14	5	400.00	2024-07-16 01:31:24.231389
377	48	12	2	50.00	2024-09-05 12:04:10.073912
378	11	10	1	15.00	2025-04-12 17:42:08.610277
379	28	26	5	110.00	2025-01-01 06:21:42.370376
380	50	6	5	300.00	2024-11-11 22:03:30.968378
381	17	80	1	89.99	2025-04-09 03:25:30.468451
382	35	31	2	100.00	2025-05-13 17:06:36.318241
383	14	68	1	40.00	2025-05-02 00:07:02.332125
384	34	30	5	90.00	2025-02-28 03:18:07.028411
385	21	33	4	100.00	2024-12-03 22:50:02.015221
386	36	32	5	60.00	2024-11-02 03:20:44.332396
387	43	84	1	2.00	2024-08-10 08:38:02.711877
388	29	33	3	210.00	2024-09-03 15:32:01.31884
389	27	35	5	142.50	2025-03-23 02:20:46.767045
390	3	6	1	129.00	2024-10-13 21:54:49.131324
391	13	58	3	105.00	2025-02-14 06:03:46.876697
392	9	5	1	35.75	2024-09-19 04:32:44.098264
393	41	18	5	17.50	2025-05-17 12:31:47.713815
394	30	91	3	165.00	2025-03-19 03:29:10.984608
395	34	30	1	18.00	2025-01-02 21:36:36.83971
396	9	9	4	143.00	2024-12-08 22:30:11.218434
397	2	43	3	4498.50	2025-02-16 08:48:00.587046
398	20	51	3	165.00	2025-02-28 03:47:44.292531
399	36	95	3	36.00	2024-08-16 14:34:21.171677
400	29	11	4	280.00	2025-03-31 11:33:33.771739
401	49	88	5	150.00	2025-06-07 06:25:57.943551
402	49	36	4	120.00	2025-03-19 03:38:43.436795
403	49	7	5	150.00	2025-02-07 01:52:44.797552
404	20	71	4	220.00	2025-04-11 06:50:56.704441
405	40	81	4	240.00	2024-10-02 14:51:04.042523
406	24	37	3	180.00	2024-08-25 02:45:58.975575
407	30	22	5	275.00	2025-02-14 05:57:00.22004
408	46	90	2	40.00	2024-08-03 14:17:16.580685
409	39	90	2	60.00	2025-06-08 01:08:45.93102
410	30	40	1	55.00	2025-02-14 18:39:30.354439
411	18	66	5	325.00	2024-11-09 09:56:07.943111
412	13	75	5	175.00	2025-03-25 23:20:47.803492
413	6	71	4	79.96	2024-09-07 07:24:37.491315
414	48	66	2	50.00	2024-09-07 15:31:26.675397
415	30	50	1	55.00	2024-07-31 18:30:24.598078
416	27	97	3	85.50	2025-04-14 13:20:18.847593
417	10	32	3	66.00	2024-10-31 02:23:28.348466
418	20	42	4	220.00	2024-08-03 18:32:19.683852
419	14	2	1	40.00	2025-05-26 06:08:39.083722
420	27	70	4	114.00	2024-11-14 06:09:20.951805
421	40	16	4	240.00	2025-04-17 09:49:47.679673
422	23	51	3	450.00	2024-08-03 11:10:12.935285
423	41	15	5	17.50	2024-10-18 13:49:47.80035
424	43	5	3	6.00	2024-11-30 15:18:32.066267
425	26	52	4	72.00	2024-12-08 16:10:51.966505
426	47	32	3	135.00	2025-04-18 14:33:57.483264
427	22	77	3	240.00	2025-03-23 22:20:15.939618
428	6	46	2	39.98	2025-02-03 21:16:18.901578
429	7	41	1	45.00	2024-12-16 04:34:34.319361
430	27	18	4	114.00	2025-05-03 01:49:57.326669
431	22	12	5	400.00	2025-05-01 23:20:20.020576
432	2	1	2	2999.00	2024-07-27 21:54:02.08107
433	16	77	1	75.00	2024-10-11 21:59:58.977559
434	23	79	3	450.00	2025-02-16 00:39:20.359045
435	24	25	3	180.00	2025-06-22 11:43:35.477161
436	25	81	5	475.00	2025-01-16 21:14:39.731312
437	46	23	2	40.00	2025-04-12 07:01:35.021888
438	5	23	1	799.00	2024-09-14 22:36:02.268505
439	19	26	1	30.00	2024-12-06 04:37:05.302109
440	31	10	3	120.00	2024-08-08 09:21:23.615443
441	38	74	2	20.00	2025-06-03 20:23:21.631864
442	48	59	5	125.00	2024-10-29 02:23:18.923291
443	25	95	4	380.00	2024-10-21 05:11:20.854861
444	40	94	4	240.00	2024-11-02 15:25:49.198093
445	6	71	2	39.98	2025-06-24 01:06:39.760262
446	50	77	1	60.00	2024-11-14 19:52:00.98672
447	27	85	1	28.50	2025-03-24 23:14:37.089318
448	21	45	4	100.00	2025-01-21 18:28:46.877679
449	50	47	5	300.00	2024-08-21 03:51:31.023024
450	41	20	2	7.00	2025-01-27 11:01:47.618835
451	33	86	2	40.00	2024-09-12 06:58:46.710136
452	32	21	5	175.00	2024-10-16 11:20:35.187453
453	43	60	4	8.00	2025-05-07 22:31:15.271656
454	36	64	2	24.00	2025-05-11 15:05:22.617618
455	46	18	1	20.00	2024-07-04 12:34:15.896923
456	27	61	1	28.50	2025-04-22 04:48:23.986833
457	5	33	2	1598.00	2025-01-28 10:17:04.125305
458	1	33	4	3999.96	2024-08-14 16:28:13.442252
459	45	97	4	10.00	2024-07-21 01:04:18.503263
460	15	80	2	240.00	2024-12-25 15:23:54.282522
461	48	64	4	100.00	2025-03-06 19:07:39.016995
462	18	19	2	130.00	2024-12-24 11:24:42.130941
463	46	18	3	60.00	2025-05-24 17:06:51.103283
464	13	23	5	175.00	2025-06-04 23:59:22.108499
465	32	66	2	70.00	2025-03-16 09:33:20.657504
466	33	5	1	20.00	2025-04-25 15:25:04.458361
467	46	92	4	80.00	2024-12-25 09:50:36.508398
468	48	16	4	100.00	2024-10-28 23:03:37.487033
469	35	13	5	250.00	2024-07-03 11:12:00.357449
470	7	72	2	90.00	2024-09-10 18:08:06.107154
471	17	4	5	449.95	2024-11-21 08:07:29.649801
472	29	29	1	70.00	2024-09-26 07:20:38.272462
473	1	2	4	3999.96	2024-09-06 18:07:44.026678
474	10	90	2	44.00	2024-10-21 15:50:05.791246
475	47	85	2	90.00	2025-04-06 00:43:09.051071
476	25	100	1	95.00	2025-06-29 19:53:33.773403
477	37	46	3	225.00	2025-05-06 20:52:51.689107
478	1	99	1	999.99	2025-03-06 12:41:34.779488
479	22	96	4	320.00	2024-08-20 19:37:28.966485
480	4	40	4	999.96	2025-06-18 13:49:05.429588
481	17	9	2	179.98	2024-08-06 04:19:17.910092
482	27	97	2	57.00	2024-09-07 23:02:18.809762
483	13	11	4	140.00	2025-04-14 12:39:09.389742
484	24	94	4	240.00	2024-10-09 22:03:15.750521
485	6	76	2	39.98	2024-09-08 16:47:45.206289
486	28	20	1	22.00	2025-01-07 02:19:28.206812
487	7	6	1	45.00	2025-03-23 17:31:37.174243
488	30	80	5	275.00	2024-09-28 04:42:47.330792
489	21	54	5	125.00	2025-04-29 05:28:19.937998
490	10	84	4	88.00	2024-10-16 16:54:07.410179
491	36	14	1	12.00	2025-04-12 08:20:17.771872
492	7	41	3	135.00	2025-04-19 00:17:15.421454
493	9	44	4	143.00	2025-03-22 21:14:48.06708
494	48	66	5	125.00	2025-06-23 03:05:08.07851
495	40	25	4	240.00	2025-04-05 15:27:25.02777
496	27	27	2	57.00	2025-06-14 12:03:46.762086
497	2	82	1	1499.50	2024-08-23 14:55:55.232929
498	35	11	1	50.00	2024-11-20 13:14:08.450467
499	11	21	1	15.00	2024-07-11 11:22:13.137528
500	26	37	5	90.00	2024-07-01 18:50:56.981251
501	18	66	2	130.00	2024-09-21 10:08:23.257899
502	11	16	3	45.00	2025-05-14 01:21:09.746731
503	21	16	2	50.00	2025-03-02 03:08:01.244382
504	31	60	5	200.00	2025-03-09 21:21:26.858088
505	8	34	2	51.00	2025-06-17 11:54:50.423582
506	29	46	5	350.00	2025-02-14 10:17:28.207907
507	8	8	4	102.00	2024-11-06 00:57:05.496117
508	46	82	5	100.00	2024-09-23 21:31:31.338185
509	29	6	5	350.00	2024-10-26 04:49:45.194435
510	27	47	3	85.50	2025-01-07 11:13:04.661358
511	12	33	3	149.97	2024-09-19 05:56:59.267081
512	19	83	2	60.00	2025-03-16 13:11:11.462169
513	40	93	2	120.00	2024-11-29 18:56:29.185414
514	47	58	4	180.00	2025-06-17 15:02:35.400594
515	31	42	4	160.00	2024-10-18 02:06:28.318218
516	18	59	1	65.00	2025-02-19 13:48:42.553413
517	49	80	1	30.00	2024-08-05 21:02:49.363093
518	34	14	5	90.00	2024-12-03 23:37:17.683186
519	29	27	3	210.00	2025-02-24 00:24:29.367854
520	34	97	3	54.00	2025-02-09 15:30:32.403036
521	26	6	3	54.00	2024-10-15 23:18:15.437234
522	29	10	5	350.00	2025-02-09 02:26:40.837238
523	23	80	1	150.00	2025-06-27 10:54:54.116512
524	19	71	1	30.00	2025-01-03 23:56:50.165698
525	27	98	2	57.00	2025-04-24 17:38:43.811883
526	43	12	3	6.00	2025-05-30 04:36:48.946506
527	21	48	5	125.00	2025-01-27 03:18:46.662225
528	15	56	1	120.00	2024-09-18 23:47:35.463364
529	11	39	4	60.00	2025-04-10 06:02:52.985365
530	25	1	5	475.00	2024-10-01 06:22:27.487797
531	46	1	3	60.00	2025-03-01 18:11:41.429632
532	11	89	1	15.00	2024-12-28 19:46:54.377673
533	11	65	1	15.00	2025-03-16 07:38:24.024477
534	6	27	4	79.96	2024-11-18 04:02:00.694074
535	44	45	4	32.00	2025-05-14 16:19:40.607456
536	45	79	3	7.50	2025-06-18 09:54:53.332598
537	28	76	1	22.00	2025-02-20 09:29:01.819226
538	2	82	1	1499.50	2025-02-04 14:14:49.124637
539	8	7	1	25.50	2024-12-24 11:52:39.023612
540	5	14	5	3995.00	2024-07-11 04:12:55.586059
541	12	81	5	249.95	2024-12-03 21:17:28.17365
542	6	49	4	79.96	2024-08-30 13:55:02.68643
543	36	4	4	48.00	2025-02-26 13:26:22.225358
544	34	7	3	54.00	2024-11-12 09:22:55.614426
545	9	68	3	107.25	2024-12-15 04:14:19.565544
546	11	72	5	75.00	2024-07-28 09:41:45.812492
547	2	23	1	1499.50	2024-12-09 15:42:54.04624
548	50	32	5	300.00	2025-04-28 07:03:33.996072
549	43	82	5	10.00	2025-06-23 12:42:12.787103
550	46	97	5	100.00	2025-05-14 05:22:58.319117
551	2	40	4	5998.00	2025-01-15 19:24:52.018207
552	37	11	5	375.00	2025-04-14 18:58:19.090117
553	50	44	4	240.00	2025-04-26 00:28:40.378445
554	42	52	3	12.00	2025-03-16 06:41:44.599934
555	19	6	2	60.00	2025-05-07 15:43:08.183694
556	31	97	2	80.00	2025-02-17 20:40:18.537909
557	15	79	5	600.00	2025-05-10 22:23:21.378608
558	25	15	3	285.00	2025-01-11 01:25:23.697799
559	44	18	5	40.00	2024-12-14 18:29:07.399951
560	12	49	5	249.95	2025-04-22 22:57:54.830864
561	17	34	3	269.97	2024-09-28 09:33:49.984385
562	23	46	2	300.00	2025-02-15 06:10:07.701901
563	42	28	1	4.00	2024-11-26 09:57:03.715774
564	35	22	4	200.00	2025-05-21 16:38:43.387496
565	44	24	4	32.00	2025-05-17 04:46:11.024671
566	17	49	4	359.96	2025-04-15 02:03:19.844013
567	6	73	4	79.96	2024-12-23 20:22:47.294344
568	14	39	3	120.00	2025-01-21 18:37:33.339414
569	17	16	3	269.97	2024-07-09 03:12:12.771838
570	46	65	5	100.00	2024-09-22 01:46:00.307856
571	3	52	1	129.00	2024-07-10 05:38:04.220265
572	3	61	4	516.00	2025-05-13 01:13:58.771443
573	15	70	1	120.00	2024-10-10 16:06:59.350722
574	10	58	1	22.00	2025-05-20 21:38:23.113748
575	3	46	3	387.00	2024-12-15 09:07:28.551892
576	32	53	3	105.00	2025-02-03 05:01:48.611606
577	44	83	2	16.00	2024-12-21 16:36:51.613599
578	47	37	2	90.00	2025-04-06 06:50:51.832396
579	34	80	2	36.00	2025-01-21 08:58:55.948744
580	19	84	2	60.00	2024-10-30 00:29:59.697462
581	47	94	5	225.00	2024-12-24 06:20:49.40433
582	9	23	5	178.75	2025-03-03 07:38:10.111627
583	34	84	1	18.00	2024-09-13 15:27:46.459523
584	3	60	5	645.00	2024-08-13 16:56:05.812635
585	18	49	4	260.00	2025-01-21 15:19:46.703941
586	13	49	5	175.00	2025-01-07 21:08:53.031211
587	41	51	5	17.50	2025-06-11 09:12:24.810669
588	20	40	1	55.00	2025-04-10 15:37:20.867703
589	17	82	2	179.98	2024-07-02 06:18:42.369804
590	9	86	4	143.00	2024-07-16 11:37:33.002193
591	4	76	4	999.96	2024-07-22 04:43:45.82575
592	39	18	3	90.00	2025-05-22 07:34:45.779359
593	15	93	2	240.00	2024-08-09 23:25:27.702602
594	11	59	2	30.00	2025-05-10 02:36:56.45524
595	47	69	1	45.00	2025-03-13 05:38:30.456134
596	28	43	2	44.00	2024-12-11 07:30:07.375045
597	14	30	3	120.00	2025-02-13 05:24:52.797147
598	9	30	2	71.50	2024-08-12 17:35:25.123513
599	22	16	3	240.00	2024-12-27 08:27:25.660205
600	12	57	2	99.98	2025-06-05 13:04:54.045117
601	50	17	3	180.00	2024-08-17 19:54:10.02757
602	25	43	5	475.00	2025-06-19 10:42:06.824569
603	39	98	1	30.00	2025-04-23 03:24:12.336939
604	25	10	2	190.00	2025-04-29 19:14:34.124446
605	1	70	1	999.99	2024-10-15 12:25:14.793774
606	15	13	3	360.00	2025-04-26 03:30:21.528439
607	40	100	4	240.00	2025-05-01 17:17:48.426568
608	34	46	3	54.00	2025-05-29 20:57:01.794145
609	12	29	4	199.96	2024-11-07 21:37:42.562205
610	25	65	1	95.00	2025-03-17 01:53:09.497311
611	31	30	3	120.00	2024-07-30 04:54:02.024387
612	34	74	1	18.00	2025-04-12 16:28:14.995007
613	43	64	2	4.00	2025-01-19 19:47:27.845152
614	39	16	4	120.00	2025-03-06 05:17:39.920759
615	37	9	3	225.00	2025-01-08 16:41:50.953356
616	1	11	3	2999.97	2024-09-03 07:18:35.42136
617	20	75	4	220.00	2025-05-07 15:55:03.499286
618	11	93	1	15.00	2025-03-17 09:54:19.537052
619	32	25	5	175.00	2024-11-08 01:48:25.689841
620	41	29	4	14.00	2024-10-27 04:06:51.986608
621	10	38	4	88.00	2024-08-30 01:03:20.475241
622	6	55	5	99.95	2025-05-04 01:24:36.515489
623	47	58	1	45.00	2025-06-22 21:13:20.818025
624	13	96	4	140.00	2024-09-18 12:39:36.984387
625	43	21	3	6.00	2025-01-14 23:21:26.207802
626	33	59	4	80.00	2025-01-15 08:07:20.259009
627	9	65	3	107.25	2024-11-10 05:45:47.050423
628	50	22	5	300.00	2025-03-22 10:34:14.212741
629	11	97	3	45.00	2025-06-24 08:12:34.510698
630	13	38	2	70.00	2025-01-04 07:40:53.313545
631	29	5	3	210.00	2024-08-25 21:18:45.567875
632	13	93	3	105.00	2025-02-17 10:23:44.427631
633	17	71	1	89.99	2025-06-16 15:54:01.113112
634	44	74	1	8.00	2024-09-13 11:53:21.402902
635	12	89	5	249.95	2024-08-21 16:00:02.177143
636	41	85	3	10.50	2024-09-17 08:21:44.237914
637	30	10	4	220.00	2025-01-10 03:01:30.033589
638	41	14	1	3.50	2024-09-23 23:26:01.002063
639	7	55	4	180.00	2025-01-04 09:08:30.629692
640	20	40	2	110.00	2025-03-13 00:48:35.158062
641	44	70	3	24.00	2025-02-10 02:11:56.968287
642	12	74	1	49.99	2024-10-16 17:57:34.682931
643	23	77	2	300.00	2025-01-04 06:11:44.566394
644	2	51	4	5998.00	2025-01-07 11:39:26.827537
645	35	10	3	150.00	2024-10-25 11:37:09.920592
646	23	22	5	750.00	2024-10-09 17:39:21.422998
647	6	95	4	79.96	2024-08-07 05:54:24.117244
648	7	48	2	90.00	2025-01-11 02:54:41.853347
649	25	47	2	190.00	2024-08-28 04:54:15.104459
650	19	88	1	30.00	2025-01-15 09:32:25.319732
651	4	72	4	999.96	2024-09-17 06:14:57.390735
652	18	45	4	260.00	2025-05-29 01:47:14.651246
653	7	91	3	135.00	2024-10-08 02:12:00.735102
654	34	1	4	72.00	2024-12-05 18:01:18.823326
655	3	84	3	387.00	2024-08-19 22:43:11.639312
656	49	38	2	60.00	2025-02-13 22:16:11.036677
657	15	69	4	480.00	2024-07-19 22:10:59.629816
658	8	11	2	51.00	2025-01-06 22:02:30.842923
659	31	73	5	200.00	2025-03-07 10:32:37.790567
660	41	25	3	10.50	2025-04-16 12:51:21.440518
661	24	39	3	180.00	2025-05-23 20:32:25.965925
662	2	59	3	4498.50	2025-02-24 09:12:52.249901
663	47	86	2	90.00	2025-05-18 16:20:40.647153
664	28	11	2	44.00	2025-01-31 23:40:38.729907
665	36	11	2	24.00	2025-06-07 05:40:08.923992
666	14	73	3	120.00	2024-08-05 21:18:02.267808
667	15	3	2	240.00	2024-10-14 18:29:08.425752
668	44	4	1	8.00	2024-12-18 09:18:25.394829
669	15	41	4	480.00	2025-05-25 01:07:10.90973
670	23	29	2	300.00	2025-04-13 21:44:48.726245
671	9	5	5	178.75	2025-05-20 21:14:47.671376
672	26	62	1	18.00	2025-05-21 17:17:10.10924
673	39	62	3	90.00	2024-09-02 01:44:10.356907
674	12	27	1	49.99	2025-02-23 00:33:15.291783
675	38	30	5	50.00	2024-10-28 04:31:17.310433
676	42	6	3	12.00	2024-11-10 06:59:59.724459
677	20	12	2	110.00	2025-06-04 03:39:42.390775
678	2	25	5	7497.50	2024-11-07 03:14:53.73618
679	46	70	2	40.00	2024-11-25 12:45:41.632634
680	43	98	1	2.00	2024-12-02 14:19:36.769456
681	30	59	5	275.00	2024-10-27 01:17:26.227292
682	21	11	5	125.00	2025-05-13 01:49:44.05374
683	27	76	4	114.00	2024-09-09 15:24:42.316577
684	19	78	2	60.00	2025-06-25 01:05:32.575748
685	30	46	5	275.00	2024-07-10 17:13:10.362014
686	49	56	4	120.00	2024-12-01 10:31:05.14411
687	48	39	4	100.00	2024-08-03 22:44:41.914612
688	32	9	5	175.00	2024-12-06 21:59:15.58867
689	3	34	2	258.00	2025-04-13 23:34:45.368335
690	39	9	2	60.00	2025-01-12 12:01:40.23337
691	22	19	2	160.00	2025-03-21 03:59:25.775701
692	29	75	5	350.00	2025-01-25 19:27:52.92728
693	45	35	5	12.50	2025-01-10 07:47:33.206916
694	47	97	3	135.00	2024-12-01 00:46:18.722667
695	37	96	4	300.00	2024-08-23 10:07:25.607401
696	3	80	5	645.00	2025-05-03 14:08:35.93693
697	30	74	4	220.00	2025-04-26 15:06:07.84161
698	18	93	2	130.00	2025-03-15 00:43:43.239119
699	43	56	5	10.00	2024-11-26 07:45:33.192136
700	19	66	3	90.00	2024-09-23 10:48:27.477958
701	6	25	1	19.99	2025-03-16 09:55:26.468561
702	2	76	3	4498.50	2025-04-21 23:26:13.400933
703	36	7	3	36.00	2025-02-12 14:50:08.542112
704	3	97	1	129.00	2025-06-29 13:39:00.792741
705	8	84	4	102.00	2024-08-29 02:02:37.46258
706	37	73	1	75.00	2024-07-25 07:10:14.952827
707	15	53	3	360.00	2025-01-07 03:45:25.414237
708	21	42	4	100.00	2025-01-22 10:54:49.105973
709	47	75	5	225.00	2024-10-31 01:35:59.25504
710	17	38	1	89.99	2025-02-12 05:22:42.285809
711	5	53	2	1598.00	2024-07-22 11:17:22.1593
712	14	77	3	120.00	2025-01-25 12:06:13.656841
713	30	89	2	110.00	2025-05-14 12:21:11.517605
714	28	49	5	110.00	2024-12-19 04:03:18.838773
715	14	24	1	40.00	2025-03-20 12:51:43.047412
716	34	91	4	72.00	2024-08-29 19:01:52.388791
717	46	75	2	40.00	2024-12-02 02:18:41.069718
718	1	100	2	1999.98	2025-01-15 13:28:01.906196
719	45	9	2	5.00	2025-02-12 02:19:20.32709
720	29	34	4	280.00	2024-07-13 10:21:21.924292
721	16	36	1	75.00	2025-04-17 13:33:28.219072
722	10	83	5	110.00	2025-02-21 08:10:44.688457
723	43	34	3	6.00	2025-04-20 20:11:48.164396
724	46	79	4	80.00	2024-11-24 20:09:41.325351
725	43	14	2	4.00	2025-03-07 17:25:41.256462
726	15	65	1	120.00	2025-01-22 20:20:07.397629
727	40	64	1	60.00	2025-02-10 06:55:28.315911
728	6	9	5	99.95	2024-11-30 08:24:21.350296
729	15	52	1	120.00	2024-10-20 10:17:16.263612
730	7	3	3	135.00	2024-08-16 23:59:31.981423
731	29	23	5	350.00	2025-02-24 19:17:07.5926
732	31	18	2	80.00	2024-08-31 15:53:20.260441
733	36	75	5	60.00	2025-02-24 15:31:38.231701
734	2	68	1	1499.50	2024-08-13 12:54:47.404341
735	8	56	1	25.50	2025-06-13 10:43:00.681074
736	40	42	4	240.00	2024-07-13 15:38:49.947759
737	33	7	4	80.00	2025-01-19 18:30:43.76397
738	11	39	4	60.00	2025-01-06 22:28:23.565082
739	37	18	5	375.00	2024-11-23 18:32:07.73689
740	32	84	2	70.00	2025-03-28 00:56:04.577417
741	48	77	4	100.00	2024-07-31 05:58:10.210083
742	35	90	3	150.00	2025-05-10 13:01:50.327093
743	19	70	5	150.00	2024-10-05 03:11:40.715161
744	30	61	1	55.00	2025-05-03 13:10:01.7362
745	13	50	2	70.00	2024-12-28 23:42:57.102132
746	48	95	4	100.00	2024-09-30 07:32:21.403419
747	38	71	1	10.00	2025-02-24 13:59:15.796346
748	45	36	1	2.50	2024-07-28 16:10:08.401511
749	35	70	3	150.00	2025-02-11 19:06:22.946095
750	28	36	3	66.00	2024-09-12 19:12:39.131874
751	49	40	1	30.00	2025-05-24 04:16:15.13157
752	1	88	5	4999.95	2025-05-19 15:30:18.502012
753	26	56	4	72.00	2024-12-19 00:00:24.842248
754	7	85	2	90.00	2024-08-11 22:10:49.61
755	34	75	4	72.00	2024-07-11 17:46:24.869759
756	37	11	2	150.00	2024-11-15 15:13:08.268006
757	42	91	5	20.00	2024-10-08 18:39:47.971958
758	44	82	1	8.00	2024-10-23 14:17:20.596131
759	5	7	3	2397.00	2024-08-29 23:30:06.294722
760	21	69	5	125.00	2024-07-25 14:18:51.550357
761	29	26	5	350.00	2024-12-25 20:46:09.53643
762	46	37	3	60.00	2025-06-16 15:53:14.204546
763	28	90	2	44.00	2024-07-02 19:17:53.918786
764	15	76	2	240.00	2024-09-04 00:43:40.837276
765	44	79	5	40.00	2025-06-21 02:45:45.732806
766	18	61	5	325.00	2025-02-09 07:02:50.363081
767	19	55	3	90.00	2024-11-24 06:55:37.082266
768	50	66	3	180.00	2024-09-14 10:39:35.484871
769	35	13	1	50.00	2025-06-02 07:03:51.285361
770	17	78	1	89.99	2025-05-28 14:27:19.970112
771	19	30	3	90.00	2024-10-26 19:39:39.695517
772	22	95	1	80.00	2024-10-05 08:29:12.349207
773	23	24	5	750.00	2025-03-28 03:01:19.952512
774	17	41	4	359.96	2024-09-05 00:05:32.592242
775	4	74	4	999.96	2024-08-25 19:05:42.577583
776	32	26	2	70.00	2024-07-23 01:08:25.566016
777	43	35	5	10.00	2024-12-17 08:55:21.910117
778	46	57	1	20.00	2024-08-18 06:15:49.096358
779	20	8	1	55.00	2024-10-28 16:45:31.312631
780	17	74	3	269.97	2024-10-18 23:17:24.90991
781	34	59	3	54.00	2024-07-31 00:21:37.683975
782	28	2	4	88.00	2024-08-07 14:28:11.289413
783	35	85	5	250.00	2024-08-15 19:31:43.519992
784	44	21	2	16.00	2025-02-17 12:20:47.910709
785	12	91	1	49.99	2024-11-29 14:48:43.344015
786	16	57	5	375.00	2025-03-15 07:51:34.671584
787	6	6	3	59.97	2024-10-18 22:15:50.706213
788	39	7	5	150.00	2025-01-13 20:12:24.030406
789	3	78	1	129.00	2025-03-02 03:33:44.989841
790	10	57	3	66.00	2025-05-31 13:51:32.321619
791	7	91	3	135.00	2025-06-18 18:22:59.093739
792	5	7	5	3995.00	2025-05-10 01:14:57.23998
793	44	42	1	8.00	2024-10-31 02:57:44.194973
794	35	66	2	100.00	2024-11-20 11:00:29.659045
795	43	93	3	6.00	2024-11-03 15:42:23.70537
796	12	3	5	249.95	2025-06-27 05:55:27.731387
797	23	84	2	300.00	2024-09-06 16:35:13.745559
798	47	8	3	135.00	2025-02-27 15:50:48.299811
799	5	14	5	3995.00	2024-10-02 05:49:26.051595
800	34	21	5	90.00	2024-12-22 21:32:10.992902
801	11	35	4	60.00	2024-09-01 13:19:15.529106
802	32	87	3	105.00	2024-10-12 23:22:06.649539
803	42	7	5	20.00	2025-05-16 09:35:06.689383
804	10	67	3	66.00	2025-03-24 04:31:14.058386
805	40	36	1	60.00	2025-02-28 12:12:28.358736
806	10	6	2	44.00	2025-03-30 19:03:29.149437
807	21	44	2	50.00	2025-06-07 20:32:30.94123
808	45	7	2	5.00	2024-09-11 07:42:08.834954
809	44	28	5	40.00	2025-02-28 14:03:55.270201
810	31	74	1	40.00	2025-05-20 20:09:05.81331
811	17	50	3	269.97	2024-08-05 19:32:09.227794
812	3	35	3	387.00	2024-08-25 19:00:33.31374
813	4	11	4	999.96	2024-10-28 17:58:09.377281
814	23	38	1	150.00	2025-05-09 12:42:32.944162
815	9	51	1	35.75	2025-04-22 22:01:55.42292
816	23	65	5	750.00	2025-02-26 16:53:28.481893
817	21	21	5	125.00	2025-03-29 08:52:04.310503
818	45	23	3	7.50	2025-03-24 10:05:54.408532
819	15	85	2	240.00	2025-04-25 21:52:06.088175
820	50	34	2	120.00	2025-04-12 16:23:18.959687
821	49	47	1	30.00	2025-02-08 03:33:31.508746
822	42	10	5	20.00	2024-12-27 22:56:00.452824
823	10	25	1	22.00	2025-05-31 22:58:05.045145
824	28	71	2	44.00	2024-12-21 10:12:10.054183
825	40	52	5	300.00	2024-07-17 14:42:23.488767
826	42	50	2	8.00	2025-05-19 11:41:46.705718
827	42	75	5	20.00	2025-05-17 18:26:17.483623
828	30	73	5	275.00	2025-03-24 17:21:23.290087
829	42	57	4	16.00	2024-09-03 16:56:39.554645
830	11	21	2	30.00	2024-10-17 06:39:00.244689
831	7	54	5	225.00	2025-06-02 19:38:19.226137
832	47	13	2	90.00	2025-06-29 14:05:06.052969
833	15	15	2	240.00	2024-08-23 01:13:02.047591
834	15	70	4	480.00	2025-02-15 12:02:18.434786
835	47	85	5	225.00	2025-02-12 15:17:17.072509
836	3	38	5	645.00	2024-09-19 05:19:07.355547
837	50	52	4	240.00	2024-07-16 02:12:04.512368
838	22	52	5	400.00	2024-12-15 19:39:51.646211
839	43	4	1	2.00	2024-08-02 14:05:06.780458
840	9	84	3	107.25	2024-09-21 20:36:51.035637
841	34	96	3	54.00	2025-02-13 11:31:51.014486
842	16	73	2	150.00	2025-05-22 13:20:39.661893
843	39	67	2	60.00	2025-01-19 04:12:35.942761
844	40	84	4	240.00	2025-02-06 08:12:27.322028
845	10	94	5	110.00	2025-06-05 10:14:00.478917
846	47	87	2	90.00	2024-11-19 15:13:08.761426
847	20	11	2	110.00	2024-08-05 16:09:49.39594
848	31	11	4	160.00	2025-04-23 07:53:19.16709
849	18	57	2	130.00	2025-06-12 03:45:02.549834
850	43	58	3	6.00	2025-06-26 14:16:51.794382
851	8	17	3	76.50	2024-07-24 18:15:37.082774
852	33	92	1	20.00	2024-11-03 00:51:55.978411
853	38	66	1	10.00	2025-02-20 18:00:52.62246
854	44	34	2	16.00	2025-06-23 22:11:39.419721
855	31	1	5	200.00	2025-06-14 06:05:15.892249
856	3	71	1	129.00	2025-03-04 06:59:27.019071
857	6	49	3	59.97	2024-12-09 07:22:46.334112
858	6	3	2	39.98	2024-11-18 01:46:00.50348
859	12	76	2	99.98	2024-07-30 17:40:22.294586
860	19	51	3	90.00	2025-02-09 12:23:06.209902
861	1	3	4	3999.96	2025-04-07 22:33:38.144664
862	42	42	4	16.00	2025-01-31 03:33:39.923975
863	50	25	4	240.00	2024-12-17 03:44:27.4884
864	22	44	5	400.00	2024-11-29 20:00:45.708032
865	50	3	4	240.00	2024-08-23 08:41:30.901457
866	18	74	3	195.00	2024-09-20 09:05:27.598699
867	2	14	4	5998.00	2024-08-01 21:11:51.645722
868	29	14	3	210.00	2024-12-02 20:50:19.364515
869	4	90	2	499.98	2025-04-09 00:36:33.694216
870	38	35	5	50.00	2024-07-10 23:15:43.436974
871	14	99	3	120.00	2024-09-21 23:52:06.872273
872	25	33	3	285.00	2024-09-05 13:42:32.991971
873	10	67	3	66.00	2025-05-21 17:29:04.143397
874	18	75	5	325.00	2024-11-12 18:02:41.273366
875	12	98	5	249.95	2024-07-11 15:56:46.377164
876	49	89	2	60.00	2024-07-18 16:10:27.331732
877	1	25	2	1999.98	2024-12-19 09:44:44.26281
878	45	87	3	7.50	2024-10-21 08:23:52.347999
879	46	89	4	80.00	2024-11-17 11:52:46.168244
880	46	82	2	40.00	2025-02-23 17:22:50.60544
881	19	1	2	60.00	2025-03-27 15:29:12.009033
882	33	86	4	80.00	2024-09-07 00:42:45.225529
883	33	28	4	80.00	2024-07-01 16:22:11.142781
884	49	45	3	90.00	2025-04-12 17:20:33.855035
885	50	25	3	180.00	2025-05-28 13:04:25.679603
886	26	42	4	72.00	2024-08-28 04:26:46.581879
887	30	41	3	165.00	2025-06-26 02:41:11.173573
888	14	35	2	80.00	2024-10-08 11:03:47.958152
889	23	3	3	450.00	2024-07-20 07:00:36.04765
890	32	74	2	70.00	2025-04-02 22:37:04.818306
891	49	61	5	150.00	2025-04-04 02:51:13.136796
892	49	43	4	120.00	2024-09-21 03:09:31.685221
893	10	4	5	110.00	2024-12-20 03:48:39.735936
894	3	63	4	516.00	2025-02-21 18:40:50.698787
895	25	55	1	95.00	2024-08-05 07:51:24.085838
896	17	86	1	89.99	2025-02-22 08:20:47.923313
897	24	1	4	240.00	2024-09-23 11:59:05.238732
898	28	42	1	22.00	2025-01-30 08:07:52.56084
899	47	30	1	45.00	2025-02-27 03:56:39.557013
900	1	12	1	999.99	2024-09-20 17:58:30.579585
901	1	45	2	1999.98	2025-04-13 20:33:51.846374
902	32	85	5	175.00	2024-08-01 23:25:43.640401
903	1	68	1	999.99	2024-12-12 03:12:16.12569
904	20	18	5	275.00	2024-07-11 15:34:33.775099
905	13	48	2	70.00	2025-02-02 02:02:26.377132
906	34	51	2	36.00	2025-06-28 07:59:37.235091
907	24	14	1	60.00	2025-02-26 10:12:34.91091
908	48	73	2	50.00	2025-02-05 06:27:36.95993
909	13	76	4	140.00	2025-01-30 06:24:00.977705
910	27	6	1	28.50	2024-10-24 21:31:01.245639
911	14	26	3	120.00	2025-05-30 02:22:28.568453
912	43	78	1	2.00	2025-06-22 11:32:31.872806
913	28	29	1	22.00	2025-01-03 15:45:01.346974
914	32	30	2	70.00	2025-06-01 00:17:47.097781
915	21	72	3	75.00	2024-08-30 08:14:40.376168
916	47	53	4	180.00	2024-12-26 23:43:28.487117
917	20	58	1	55.00	2025-05-14 03:52:20.402856
918	45	29	3	7.50	2024-10-20 13:34:52.732574
919	25	19	2	190.00	2024-07-06 08:45:11.203975
920	38	36	5	50.00	2024-08-20 16:33:03.814834
921	46	51	1	20.00	2025-01-05 12:20:12.773426
922	1	66	1	999.99	2024-11-15 01:18:07.412864
923	25	54	3	285.00	2024-12-31 11:53:08.389475
924	4	15	1	249.99	2024-08-23 20:00:10.205483
925	6	13	2	39.98	2024-12-30 13:10:01.642535
926	22	83	1	80.00	2024-08-03 15:45:16.253531
927	33	98	2	40.00	2024-08-13 12:52:42.627707
928	3	8	3	387.00	2024-12-20 01:23:55.405944
929	23	7	3	450.00	2024-10-20 10:32:26.156859
930	38	16	3	30.00	2024-10-07 16:49:04.809509
931	48	9	4	100.00	2025-03-22 02:39:26.199305
932	19	26	4	120.00	2024-09-04 08:04:54.738279
933	42	70	2	8.00	2024-08-10 03:08:21.430357
934	6	85	3	59.97	2024-09-17 17:23:38.94866
935	33	35	2	40.00	2024-11-11 14:09:37.21024
936	47	63	1	45.00	2024-09-22 20:08:18.746737
937	25	50	1	95.00	2024-10-31 19:23:24.01464
938	4	18	2	499.98	2025-01-06 08:07:50.679729
939	5	71	5	3995.00	2025-02-02 12:48:12.80158
940	24	66	5	300.00	2025-05-28 17:31:56.469109
941	32	14	1	35.00	2025-03-03 21:16:35.712832
942	19	19	5	150.00	2025-06-18 08:37:24.836252
943	46	19	2	40.00	2025-05-17 03:10:01.783819
944	34	38	2	36.00	2024-09-17 07:21:44.448601
945	48	27	4	100.00	2025-01-26 11:16:31.162691
946	41	10	1	3.50	2025-04-22 12:02:12.595214
947	4	87	3	749.97	2024-10-29 14:37:46.604879
948	45	74	5	12.50	2025-01-31 11:30:00.495132
949	9	41	5	178.75	2024-12-20 22:15:42.87988
950	13	99	3	105.00	2024-10-10 05:20:36.984635
951	46	26	4	80.00	2025-03-11 04:34:03.230682
952	10	93	3	66.00	2024-08-21 23:39:17.084304
953	20	99	4	220.00	2025-02-18 22:59:00.146707
954	49	84	1	30.00	2024-07-12 07:09:32.638601
955	50	58	2	120.00	2025-01-05 07:35:12.187293
956	4	36	5	1249.95	2025-02-11 07:30:10.989899
957	31	57	1	40.00	2024-11-17 10:33:06.828968
958	26	33	4	72.00	2024-08-28 22:58:57.121581
959	49	59	3	90.00	2024-08-18 04:21:49.986937
960	30	24	3	165.00	2024-07-03 08:51:47.256016
961	29	96	5	350.00	2024-10-10 00:45:45.082195
962	40	61	4	240.00	2025-02-23 06:38:35.040582
963	36	68	3	36.00	2024-08-02 23:11:52.514932
964	22	89	2	160.00	2024-09-13 02:13:48.630468
965	12	22	3	149.97	2024-11-21 12:24:09.260549
966	49	24	2	60.00	2024-07-01 16:55:50.278424
967	26	21	4	72.00	2025-04-20 00:27:19.174032
968	27	12	5	142.50	2024-10-13 06:47:48.547988
969	10	6	1	22.00	2025-03-04 19:46:40.080945
970	44	39	3	24.00	2025-04-11 19:10:51.629342
971	33	53	4	80.00	2024-09-08 01:20:05.64555
972	25	67	4	380.00	2024-10-20 21:22:51.957329
973	7	62	5	225.00	2025-05-09 13:01:57.893177
974	24	15	1	60.00	2025-02-13 18:31:14.984748
975	32	5	3	105.00	2025-03-24 20:40:51.100722
976	23	44	5	750.00	2025-03-04 16:23:19.384201
977	4	73	5	1249.95	2025-01-28 18:48:14.331064
978	5	100	3	2397.00	2024-12-04 05:19:13.369452
979	4	99	1	249.99	2025-06-24 04:12:02.538917
980	18	36	5	325.00	2024-07-07 00:20:16.957144
981	50	56	4	240.00	2025-02-25 01:41:24.373608
982	12	68	2	99.98	2024-12-23 17:37:43.358316
983	19	94	2	60.00	2024-12-03 15:37:44.087494
984	20	67	3	165.00	2025-01-07 18:35:56.634989
985	15	94	1	120.00	2025-05-15 09:15:25.59375
986	15	49	3	360.00	2025-02-01 02:37:28.853914
987	15	31	5	600.00	2025-03-01 05:44:00.413334
988	14	70	4	160.00	2025-03-30 11:07:36.632887
989	45	4	5	12.50	2024-10-13 22:00:55.437706
990	50	92	5	300.00	2024-12-25 09:55:45.0339
991	11	15	3	45.00	2024-10-11 05:38:35.742952
992	28	80	3	66.00	2024-11-04 10:05:28.825654
993	30	54	1	55.00	2024-12-17 00:13:35.83178
994	2	15	2	2999.00	2025-03-25 18:23:47.752625
995	28	85	5	110.00	2025-03-03 03:44:55.124303
996	21	86	4	100.00	2024-11-20 14:57:41.89491
997	25	23	3	285.00	2025-02-13 00:52:27.653806
998	19	39	2	60.00	2025-06-02 03:31:08.417455
999	1	48	5	4999.95	2024-12-30 06:31:57.2864
1000	21	54	3	75.00	2025-01-07 13:38:51.483364
1001	19	55	2	60.00	2024-08-04 12:55:15.756463
1002	19	42	5	150.00	2024-08-23 19:23:09.60934
1003	21	65	4	100.00	2025-04-27 05:06:12.892054
1004	44	92	3	24.00	2025-04-30 06:37:53.785355
1005	38	49	4	40.00	2024-12-14 13:51:50.11215
1006	49	39	2	60.00	2025-05-07 19:05:36.839434
1007	10	22	2	44.00	2024-11-26 00:56:39.05937
1008	48	38	5	125.00	2024-08-28 02:14:35.811615
1009	5	88	1	799.00	2024-09-22 10:54:25.15146
1010	2	21	5	7497.50	2025-06-16 17:49:20.036411
1011	34	38	1	18.00	2024-11-12 10:29:40.971459
1012	23	32	4	600.00	2024-11-19 10:52:07.399693
1013	30	58	4	220.00	2024-10-28 15:21:03.766548
1014	43	68	2	4.00	2024-09-15 01:22:11.443258
1015	7	80	2	90.00	2024-07-02 14:35:36.470479
1016	5	61	1	799.00	2025-02-02 19:08:14.529804
1017	22	6	2	160.00	2024-08-13 20:35:23.598898
1018	36	45	2	24.00	2025-03-26 17:34:09.590197
1019	14	61	1	40.00	2025-02-26 05:48:55.457674
1020	27	22	3	85.50	2025-05-28 02:52:14.433
1021	30	39	1	55.00	2024-10-08 05:05:44.812891
1022	40	11	5	300.00	2024-11-28 04:21:17.697166
1023	29	15	3	210.00	2025-02-10 08:19:35.737418
1024	10	41	2	44.00	2025-01-26 20:09:15.858778
1025	26	54	2	36.00	2025-02-22 15:11:03.387688
1026	21	39	1	25.00	2025-05-26 06:28:17.536516
1027	33	89	1	20.00	2025-03-29 05:10:31.169157
1028	37	41	4	300.00	2025-03-30 07:30:15.811458
1029	8	33	3	76.50	2025-04-18 13:14:21.993969
1030	32	63	1	35.00	2025-04-01 14:46:32.387749
1031	22	53	1	80.00	2024-09-03 23:56:01.889258
1032	41	32	3	10.50	2024-07-17 06:24:13.980507
1033	34	79	2	36.00	2025-06-02 00:17:39.324737
1034	35	37	2	100.00	2024-12-11 18:28:33.413368
1035	10	9	3	66.00	2024-07-13 11:02:03.027838
1036	48	48	5	125.00	2025-05-09 11:27:02.377339
1037	13	50	2	70.00	2024-11-07 11:31:38.584926
1038	40	91	4	240.00	2025-05-27 23:34:57.098452
1039	19	21	2	60.00	2025-05-09 09:46:40.813248
1040	4	91	2	499.98	2024-09-11 17:48:03.924998
1041	28	66	2	44.00	2024-12-16 16:56:21.557075
1042	6	2	1	19.99	2025-03-13 08:24:51.417198
1043	24	84	2	120.00	2025-06-24 20:44:36.552963
1044	5	38	3	2397.00	2025-02-17 18:19:07.173513
1045	14	63	4	160.00	2024-07-13 22:35:29.561888
1046	45	24	1	2.50	2024-10-04 00:59:11.738148
1047	6	39	2	39.98	2025-05-04 18:49:39.760885
1048	34	3	5	90.00	2025-02-15 01:16:37.413944
1049	41	52	3	10.50	2025-06-22 09:31:29.290703
1050	22	6	3	240.00	2025-02-21 01:00:50.887744
1051	33	3	3	60.00	2024-08-18 16:59:52.733282
1052	18	18	4	260.00	2024-11-14 14:31:57.748216
1053	1	18	3	2999.97	2024-12-05 20:26:28.190405
1054	42	14	2	8.00	2024-08-25 22:15:29.192803
1055	27	53	5	142.50	2024-11-11 00:27:21.299846
1056	29	40	1	70.00	2024-12-20 15:49:51.457543
1057	25	88	4	380.00	2025-04-30 06:51:55.538591
1058	13	11	2	70.00	2025-03-14 23:11:16.752068
1059	4	37	3	749.97	2024-09-11 00:03:45.339866
1060	21	48	2	50.00	2024-09-07 14:43:49.364265
1061	21	32	2	50.00	2024-11-25 07:33:08.897501
1062	34	38	1	18.00	2024-09-28 06:29:53.426706
1063	24	72	5	300.00	2025-01-09 11:24:39.554823
1064	46	9	2	40.00	2025-01-19 16:02:53.586971
1065	26	56	5	90.00	2024-08-25 06:48:27.085414
1066	14	17	1	40.00	2024-10-08 19:54:01.285752
1067	14	81	3	120.00	2025-06-27 03:55:25.402348
1068	24	54	5	300.00	2024-07-25 17:56:35.400092
1069	50	32	5	300.00	2025-05-09 03:58:49.042177
1070	6	44	4	79.96	2024-07-03 18:42:23.744193
1071	32	83	1	35.00	2024-10-28 08:45:15.459785
1072	43	32	1	2.00	2024-11-13 08:14:20.883247
1073	1	100	5	4999.95	2024-11-05 00:06:34.60095
1074	29	12	4	280.00	2024-10-13 00:38:27.419068
1075	33	57	1	20.00	2024-12-19 08:53:41.68486
1076	23	87	5	750.00	2024-06-30 22:16:49.594122
1077	40	84	2	120.00	2025-03-25 22:39:56.750564
1078	42	23	5	20.00	2024-10-26 07:19:04.698165
1079	32	91	1	35.00	2024-08-14 13:58:21.401114
1080	21	48	4	100.00	2024-12-04 07:30:22.990886
1081	44	76	3	24.00	2024-12-30 21:05:03.354803
1082	20	1	3	165.00	2024-08-13 07:06:13.040025
1083	48	56	2	50.00	2025-06-26 03:52:34.643428
1084	4	3	3	749.97	2024-11-02 06:57:58.364698
1085	33	67	4	80.00	2025-01-27 08:20:02.607628
1086	14	70	1	40.00	2024-12-07 14:26:38.113601
1087	10	53	3	66.00	2025-06-20 04:29:21.097842
1088	42	72	1	4.00	2024-11-01 21:21:16.310226
1089	27	92	3	85.50	2025-01-13 19:33:41.867922
1090	26	76	1	18.00	2024-08-12 09:51:19.541303
1091	17	58	4	359.96	2024-09-25 03:20:05.326903
1092	16	46	4	300.00	2024-10-22 19:03:05.711296
1093	44	78	4	32.00	2024-07-26 04:00:48.292315
1094	15	89	4	480.00	2024-07-23 00:45:02.761524
1095	37	63	4	300.00	2024-08-10 20:46:33.226898
1096	43	35	3	6.00	2025-05-24 17:52:51.137382
1097	27	55	3	85.50	2025-05-02 11:10:18.193277
1098	37	19	2	150.00	2025-06-06 22:37:43.364507
1099	44	26	4	32.00	2025-03-19 17:41:31.844236
1100	48	57	2	50.00	2025-06-02 01:13:08.423679
1101	46	75	5	100.00	2024-10-12 22:20:12.423657
1102	1	2	5	4999.95	2025-05-16 08:59:47.10718
1103	8	7	2	51.00	2025-06-27 12:31:04.484664
1104	24	1	2	120.00	2024-11-30 05:03:40.846428
1105	12	15	4	199.96	2024-10-06 16:41:31.272348
1106	5	71	2	1598.00	2025-06-21 17:53:09.639246
1107	27	42	2	57.00	2025-03-25 12:55:45.841956
1108	26	72	3	54.00	2025-06-18 16:37:07.808886
1109	25	35	4	380.00	2025-03-02 08:36:58.90942
1110	7	85	5	225.00	2024-10-26 13:54:17.202284
1111	28	81	5	110.00	2025-06-01 17:13:17.643262
1112	44	47	3	24.00	2024-12-05 16:33:52.688111
1113	5	12	3	2397.00	2025-06-15 23:07:38.915573
1114	30	66	3	165.00	2024-08-14 20:06:20.446016
1115	5	33	2	1598.00	2025-02-23 07:55:29.642796
1116	23	84	4	600.00	2024-12-31 18:18:02.198578
1117	34	48	3	54.00	2025-03-20 22:49:12.74034
1118	45	22	2	5.00	2024-08-04 04:03:04.543162
1119	6	69	5	99.95	2025-02-28 12:34:22.864953
1120	16	53	4	300.00	2024-08-28 11:31:51.722164
1121	42	61	2	8.00	2025-06-07 17:04:02.725843
1122	12	64	2	99.98	2024-07-18 14:06:37.477943
1123	1	88	4	3999.96	2025-03-08 10:35:20.637946
1124	39	45	3	90.00	2024-11-08 18:17:58.145692
1125	21	9	1	25.00	2025-02-21 02:01:46.879665
1126	34	20	3	54.00	2024-09-19 08:37:12.11152
1127	8	98	3	76.50	2024-09-13 02:33:11.435246
1128	13	20	5	175.00	2025-02-11 05:29:07.321975
1129	44	68	1	8.00	2024-08-17 11:28:59.192174
1130	34	100	1	18.00	2025-01-21 19:57:22.515467
1131	8	23	5	127.50	2024-10-13 10:41:03.808013
1132	18	24	1	65.00	2025-02-27 03:21:26.733996
1133	12	40	5	249.95	2025-01-29 11:09:28.351421
1134	8	96	2	51.00	2024-09-13 05:03:31.463678
1135	22	36	5	400.00	2025-03-13 09:21:08.966888
1136	39	10	4	120.00	2024-10-28 11:04:11.421866
1137	30	10	4	220.00	2024-09-05 17:22:20.107686
1138	17	27	4	359.96	2025-05-12 04:58:33.628685
1139	27	9	5	142.50	2025-02-26 22:24:13.961191
1140	1	35	2	1999.98	2024-11-27 13:42:23.660674
1141	20	16	2	110.00	2025-04-08 17:46:17.264419
1142	29	37	3	210.00	2024-10-10 08:46:45.460451
1143	3	82	4	516.00	2024-10-07 05:53:45.6263
1144	30	72	2	110.00	2024-09-14 20:43:22.356309
1145	7	77	1	45.00	2025-05-12 13:15:35.440855
1146	7	72	3	135.00	2024-12-05 12:41:52.455877
1147	25	62	3	285.00	2024-09-09 10:24:05.10246
1148	47	78	1	45.00	2025-01-20 23:24:38.997884
1149	25	23	5	475.00	2025-01-09 04:51:38.976551
1150	13	1	2	70.00	2025-04-14 19:52:09.865602
1151	47	51	3	135.00	2024-07-07 17:18:41.06506
1152	18	49	5	325.00	2025-06-14 03:19:26.126855
1153	37	9	2	150.00	2025-05-23 22:46:52.495968
1154	15	82	5	600.00	2024-09-02 17:46:11.913481
1155	25	7	4	380.00	2024-08-20 08:40:40.71013
1156	38	77	4	40.00	2025-02-27 00:48:40.404345
1157	3	1	2	258.00	2024-09-03 11:39:10.286126
1158	49	88	2	60.00	2025-03-23 18:29:50.497315
1159	33	29	3	60.00	2025-01-11 15:30:12.967432
1160	36	29	3	36.00	2024-12-14 22:56:40.748307
1161	24	18	4	240.00	2024-10-30 01:22:40.170725
1162	46	23	3	60.00	2025-05-06 19:16:56.523629
1163	35	87	5	250.00	2024-08-23 16:02:48.546154
1164	3	18	5	645.00	2025-05-06 00:05:01.944766
1165	44	21	2	16.00	2025-06-17 13:31:52.022873
1166	3	54	3	387.00	2024-09-23 02:51:54.868323
1167	5	67	2	1598.00	2025-06-11 10:35:42.557077
1168	25	12	5	475.00	2024-10-08 10:21:23.399735
1169	16	86	3	225.00	2024-07-25 05:28:22.141706
1170	13	14	2	70.00	2025-04-16 10:45:10.46284
1171	20	92	1	55.00	2025-02-27 08:58:10.64886
1172	43	49	5	10.00	2024-09-17 22:45:07.381512
1173	31	12	4	160.00	2025-03-13 21:06:57.111311
1174	25	100	1	95.00	2024-10-18 04:20:01.266631
1175	35	8	3	150.00	2025-02-05 05:31:02.154989
1176	41	16	4	14.00	2024-12-01 14:41:59.824564
1177	50	69	3	180.00	2025-01-24 03:15:55.987015
1178	16	78	4	300.00	2025-01-05 06:21:08.374347
1179	10	17	4	88.00	2025-02-20 04:12:51.466994
1180	48	72	4	100.00	2024-07-17 03:11:37.94586
1181	24	53	5	300.00	2025-02-24 22:49:59.274317
1182	49	76	5	150.00	2024-11-20 11:09:15.606588
1183	23	61	3	450.00	2025-01-02 06:22:05.166382
1184	48	22	5	125.00	2025-05-02 17:45:44.219713
1185	31	90	2	80.00	2024-08-23 14:06:33.263416
1186	13	34	4	140.00	2025-02-24 15:43:51.244813
1187	30	39	1	55.00	2024-11-10 07:14:15.080681
1188	18	53	4	260.00	2025-05-25 02:54:47.282495
1189	3	70	4	516.00	2024-12-29 09:31:43.144094
1190	14	42	2	80.00	2025-04-05 22:58:19.142074
1191	48	78	3	75.00	2025-05-01 19:33:33.819102
1192	2	3	1	1499.50	2025-05-30 15:11:48.025256
1193	16	1	3	225.00	2024-11-17 09:08:50.615386
1194	29	9	3	210.00	2024-08-17 14:05:40.61138
1195	19	95	4	120.00	2025-05-01 10:42:17.001346
1196	45	91	1	2.50	2025-03-03 23:28:09.823156
1197	4	11	5	1249.95	2025-04-19 20:03:37.930767
1198	1	27	4	3999.96	2024-09-13 18:26:02.853165
1199	20	23	4	220.00	2024-12-28 05:04:18.425091
1200	6	67	3	59.97	2024-10-23 17:26:03.931648
1201	17	36	5	449.95	2024-08-14 07:41:55.992808
1202	13	32	4	140.00	2024-10-22 09:38:31.707062
1203	9	32	5	178.75	2025-01-09 23:35:25.914675
1204	40	15	2	120.00	2025-01-12 01:38:31.159004
1205	1	51	3	2999.97	2025-05-09 12:03:41.696906
1206	33	4	3	60.00	2024-10-27 17:55:34.157524
1207	6	87	3	59.97	2025-03-27 18:43:30.381695
1208	35	93	5	250.00	2025-06-21 08:31:06.441916
1209	19	4	4	120.00	2024-11-12 16:21:00.614042
1210	3	37	4	516.00	2025-05-26 09:35:22.875891
1211	40	55	3	180.00	2024-07-25 20:29:46.944997
1212	6	5	5	99.95	2025-01-21 08:13:08.202219
1213	39	45	2	60.00	2025-04-25 17:30:20.272819
1214	32	74	4	140.00	2024-12-02 00:40:08.226364
1215	15	8	1	120.00	2024-09-20 19:13:17.290421
1216	16	6	1	75.00	2025-05-04 07:10:53.514668
1217	24	52	3	180.00	2024-08-09 19:32:56.108025
1218	2	46	2	2999.00	2025-03-26 04:47:53.637864
1219	18	33	3	195.00	2024-10-05 18:57:30.681757
1220	14	65	2	80.00	2024-08-08 05:26:17.512389
1221	46	60	1	20.00	2025-04-05 23:34:02.439817
1222	4	75	4	999.96	2025-04-13 04:26:20.32017
1223	34	70	4	72.00	2025-02-27 19:24:41.711272
1224	30	61	5	275.00	2025-06-06 04:16:56.691564
1225	50	54	1	60.00	2024-09-28 23:19:31.019199
1226	7	42	5	225.00	2024-08-25 23:05:54.010002
1227	27	70	1	28.50	2024-11-30 00:07:06.071907
1228	7	54	1	45.00	2025-06-24 03:07:16.628321
1229	8	61	5	127.50	2024-12-22 19:43:43.970378
1230	34	22	1	18.00	2025-05-11 18:32:18.450767
1231	6	76	4	79.96	2024-09-01 16:51:18.048605
1232	26	71	1	18.00	2024-12-26 16:46:45.917993
1233	12	31	2	99.98	2025-01-19 04:47:59.628354
1234	44	84	3	24.00	2025-05-05 16:54:02.79386
1235	40	82	5	300.00	2025-01-23 08:41:45.276055
1236	13	27	2	70.00	2025-05-12 08:31:30.578077
1237	47	50	4	180.00	2024-12-06 02:22:32.54815
1238	17	95	5	449.95	2024-11-07 18:41:53.136141
1239	11	25	1	15.00	2024-12-03 23:32:50.70584
1240	29	88	3	210.00	2025-05-15 20:54:36.384609
1241	36	48	3	36.00	2025-05-14 18:51:11.037863
1242	3	89	4	516.00	2025-05-06 21:46:41.211992
1243	33	48	5	100.00	2025-06-21 00:47:40.532321
1244	15	92	3	360.00	2024-12-13 18:28:59.249186
1245	35	28	1	50.00	2024-09-28 04:45:52.745907
1246	2	5	5	7497.50	2025-01-21 10:48:40.153154
1247	38	10	4	40.00	2024-12-05 15:13:44.894307
1248	19	30	3	90.00	2024-09-19 20:07:18.507852
1249	42	11	3	12.00	2025-06-26 21:40:56.853284
1250	6	13	3	59.97	2024-07-28 23:54:04.178189
1251	7	98	2	90.00	2025-04-18 04:14:27.574371
1252	32	8	5	175.00	2025-06-05 03:42:27.419216
1253	9	65	2	71.50	2025-06-16 09:42:00.031998
1254	48	82	3	75.00	2025-04-17 12:41:33.073613
1255	23	97	4	600.00	2024-09-07 15:18:07.81633
1256	7	77	3	135.00	2025-01-19 15:07:23.377426
1257	15	3	3	360.00	2025-05-05 14:27:49.503498
1258	41	46	5	17.50	2025-06-28 12:50:18.082501
1259	22	87	1	80.00	2025-03-09 04:25:31.499165
1260	9	48	5	178.75	2024-10-30 18:51:10.577785
1261	8	23	4	102.00	2024-07-23 08:58:07.080485
1262	8	29	5	127.50	2025-01-08 08:40:25.236377
1263	40	3	3	180.00	2024-08-27 19:04:06.418032
1264	23	24	5	750.00	2024-07-07 16:21:22.275215
1265	32	36	1	35.00	2025-06-15 23:43:47.065869
1266	20	91	5	275.00	2024-10-29 21:59:15.805573
1267	19	91	5	150.00	2025-03-27 03:51:16.341746
1268	34	14	5	90.00	2025-05-29 21:13:01.467915
1269	37	37	5	375.00	2025-06-20 18:26:41.062412
1270	48	7	1	25.00	2024-09-16 02:05:57.240505
1271	25	28	5	475.00	2025-04-22 18:26:42.204633
1272	3	4	3	387.00	2025-05-03 14:42:56.367152
1273	29	83	1	70.00	2024-11-15 23:29:44.103531
1274	9	65	1	35.75	2024-09-03 10:54:00.859825
1275	50	52	4	240.00	2025-03-21 11:25:45.763135
1276	32	78	5	175.00	2024-12-12 20:38:13.310189
1277	12	100	2	99.98	2024-11-30 12:19:02.708178
1278	50	32	5	300.00	2025-02-01 05:56:07.121095
1279	41	90	3	10.50	2025-06-06 23:18:26.423001
1280	48	72	1	25.00	2025-02-02 14:34:21.673523
1281	3	41	5	645.00	2024-11-02 21:38:20.360396
1282	26	40	5	90.00	2025-01-21 05:46:08.142559
1283	20	71	5	275.00	2024-09-02 22:30:00.169262
1284	42	100	3	12.00	2024-12-14 11:33:13.012065
1285	34	71	2	36.00	2025-04-22 14:22:09.734112
1286	21	48	2	50.00	2024-09-11 00:22:16.617866
1287	8	38	4	102.00	2025-01-02 09:13:29.617805
1288	10	45	4	88.00	2024-10-25 02:32:24.597784
1289	2	67	1	1499.50	2025-02-19 02:11:52.668794
1290	15	98	2	240.00	2025-04-18 10:28:43.773122
1291	43	67	1	2.00	2024-10-02 00:09:03.308633
1292	29	40	2	140.00	2025-05-08 03:51:27.906785
1293	35	32	5	250.00	2025-04-10 17:22:32.353023
1294	26	13	3	54.00	2025-03-29 09:19:27.736478
1295	33	76	1	20.00	2025-03-16 02:54:52.655015
1296	38	79	2	20.00	2024-10-16 01:33:45.24909
1297	34	64	5	90.00	2025-03-24 02:37:17.150576
1298	16	64	5	375.00	2024-12-22 07:46:52.035644
1299	42	33	4	16.00	2024-09-29 18:13:03.191169
1300	40	80	4	240.00	2024-08-10 19:50:04.130616
1301	16	98	3	225.00	2024-10-10 17:58:21.947955
1302	43	64	1	2.00	2024-12-18 23:09:18.253809
1303	39	25	2	60.00	2025-02-12 10:22:39.765908
1304	23	59	2	300.00	2025-05-08 18:57:47.218861
1305	47	74	5	225.00	2024-06-30 16:22:42.281685
1306	6	2	2	39.98	2025-04-03 00:47:27.27478
1307	15	67	4	480.00	2025-03-04 13:18:31.666274
1308	39	3	4	120.00	2025-04-29 08:59:23.005771
1309	3	84	1	129.00	2024-07-25 02:23:12.336615
1310	7	15	3	135.00	2025-04-06 01:40:18.997552
1311	2	43	5	7497.50	2025-04-02 19:30:51.662656
1312	43	67	4	8.00	2025-03-23 05:02:38.060737
1313	3	70	5	645.00	2025-02-22 18:54:55.848602
1314	10	13	1	22.00	2024-07-02 02:56:31.609479
1315	10	43	5	110.00	2024-09-26 04:36:53.879429
1316	43	13	5	10.00	2024-08-31 14:31:42.76317
1317	36	52	2	24.00	2024-10-31 17:29:43.136796
1318	11	13	5	75.00	2024-09-29 10:57:43.121614
1319	48	77	1	25.00	2024-10-23 17:20:26.235376
1320	45	51	1	2.50	2024-11-01 13:12:27.60148
1321	5	47	2	1598.00	2025-02-18 21:55:14.34669
1322	9	7	4	143.00	2024-09-18 21:22:21.374417
1323	23	2	5	750.00	2025-05-18 05:59:15.008897
1324	45	17	1	2.50	2024-10-12 19:56:58.692044
1325	24	67	5	300.00	2024-11-19 21:00:36.141644
1326	9	38	2	71.50	2024-08-07 04:30:40.085983
1327	40	5	5	300.00	2025-06-17 06:12:08.851683
1328	24	76	1	60.00	2025-04-12 22:23:53.389192
1329	19	87	1	30.00	2025-01-27 21:16:15.535565
1330	11	91	3	45.00	2025-04-30 20:26:37.938981
1331	3	76	4	516.00	2025-01-16 02:04:09.213057
1332	24	68	2	120.00	2025-06-07 14:57:57.83477
1333	12	61	3	149.97	2024-09-10 01:18:13.568405
1334	29	11	4	280.00	2024-10-04 12:20:39.523191
1335	25	31	4	380.00	2024-10-01 16:47:36.434757
1336	23	58	1	150.00	2025-01-11 17:48:27.397573
1337	2	24	5	7497.50	2024-07-20 13:16:11.142481
1338	28	58	2	44.00	2024-08-13 19:35:48.223981
1339	47	55	2	90.00	2025-04-14 10:49:13.184787
1340	19	26	1	30.00	2024-08-31 18:18:09.032306
1341	17	77	1	89.99	2024-12-22 07:35:12.734347
1342	16	52	1	75.00	2025-02-16 03:10:16.068417
1343	5	6	5	3995.00	2025-02-07 18:45:02.767545
1344	9	98	1	35.75	2025-05-30 00:49:56.75539
1345	1	4	1	999.99	2024-07-10 22:14:09.743058
1346	14	33	5	200.00	2024-07-28 20:27:54.53147
1347	46	92	1	20.00	2025-04-15 01:17:46.341821
1348	12	17	5	249.95	2025-01-27 12:46:01.046547
1349	1	12	3	2999.97	2024-09-11 23:22:48.542002
1350	27	63	4	114.00	2025-03-07 15:18:21.164411
1351	34	9	4	72.00	2025-02-26 07:31:52.210909
1352	25	33	5	475.00	2024-08-15 21:53:04.143169
1353	46	8	4	80.00	2025-04-19 01:35:54.833736
1354	49	56	2	60.00	2025-02-19 11:43:16.829844
1355	23	58	4	600.00	2025-06-27 00:22:52.162279
1356	14	100	5	200.00	2024-09-07 20:24:05.920107
1357	22	59	1	80.00	2024-11-23 16:11:57.82261
1358	30	38	3	165.00	2024-10-07 08:23:08.896594
1359	31	62	4	160.00	2024-11-28 12:04:28.917825
1360	7	10	1	45.00	2025-04-13 08:29:58.082713
1361	14	41	5	200.00	2025-03-10 22:36:25.349015
1362	35	37	3	150.00	2024-12-14 14:52:26.979229
1363	24	21	3	180.00	2025-01-15 15:59:07.908072
1364	36	89	4	48.00	2024-11-28 04:59:16.681144
1365	28	84	2	44.00	2024-10-02 11:02:06.62348
1366	47	75	3	135.00	2025-05-15 16:21:58.836544
1367	20	55	1	55.00	2025-02-08 20:05:11.16436
1368	10	31	4	88.00	2025-03-26 00:37:17.344992
1369	12	27	1	49.99	2024-08-24 21:18:00.772254
1370	12	32	3	149.97	2025-04-06 05:12:07.689214
1371	36	11	2	24.00	2025-06-18 20:51:55.945554
1372	3	88	4	516.00	2024-07-09 20:51:14.455713
1373	8	1	3	76.50	2025-05-21 19:58:25.647544
1374	15	66	2	240.00	2024-08-20 22:13:27.137595
1375	18	91	1	65.00	2024-08-07 03:11:54.949713
1376	16	36	4	300.00	2025-05-06 17:35:09.82422
1377	22	93	1	80.00	2025-05-28 21:26:49.908073
1378	43	74	4	8.00	2025-03-08 07:10:29.450832
1379	11	36	5	75.00	2025-05-27 09:26:09.940449
1380	38	94	5	50.00	2024-12-12 02:36:59.472396
1381	25	5	5	475.00	2025-03-03 14:03:50.086705
1382	48	49	5	125.00	2024-08-30 04:17:10.179173
1383	11	36	5	75.00	2025-05-05 12:00:09.615945
1384	1	86	5	4999.95	2025-05-26 21:47:13.333247
1385	11	36	3	45.00	2024-07-05 12:00:58.47732
1386	47	44	5	225.00	2025-01-24 22:11:25.070415
1387	49	36	1	30.00	2024-10-26 20:22:57.22136
1388	6	99	1	19.99	2025-01-20 12:08:45.342066
1389	11	45	2	30.00	2025-04-28 00:00:27.489151
1390	48	49	5	125.00	2025-01-30 11:31:24.33492
1391	4	80	2	499.98	2025-05-31 08:55:42.093074
1392	46	42	3	60.00	2025-06-19 19:50:49.035447
1393	9	25	2	71.50	2024-11-17 20:02:58.471509
1394	46	26	1	20.00	2025-04-20 06:33:30.211916
1395	50	84	4	240.00	2025-05-13 18:06:56.262407
1396	49	44	1	30.00	2024-12-03 14:44:32.817048
1397	24	4	2	120.00	2025-06-20 01:21:58.213224
1398	31	75	2	80.00	2025-05-06 16:28:00.91409
1399	13	94	5	175.00	2025-06-01 07:08:34.52843
1400	13	37	1	35.00	2025-01-19 12:15:15.753925
1401	39	39	2	60.00	2024-09-21 21:37:38.237841
1402	15	13	3	360.00	2025-04-03 07:37:38.69883
1403	20	30	2	110.00	2025-06-01 02:05:01.95437
1404	21	75	5	125.00	2024-08-19 00:09:33.189452
1405	33	12	1	20.00	2024-07-24 17:57:34.725291
1406	14	63	5	200.00	2025-05-23 14:05:56.70487
1407	20	20	4	220.00	2024-09-16 01:14:30.509826
1408	16	66	3	225.00	2025-03-27 22:28:42.791084
1409	47	53	4	180.00	2025-04-16 15:59:13.249114
1410	9	2	4	143.00	2024-10-04 16:38:43.140051
1411	39	96	3	90.00	2024-10-04 15:49:07.532814
1412	30	90	3	165.00	2024-11-04 18:32:27.483918
1413	50	4	4	240.00	2024-11-04 23:08:55.319973
1414	7	75	1	45.00	2024-12-08 04:44:07.542128
1415	27	73	5	142.50	2025-05-26 14:50:52.732367
1416	12	27	2	99.98	2025-03-27 12:12:27.283148
1417	1	24	3	2999.97	2025-05-08 07:48:06.199275
1418	42	4	5	20.00	2025-01-31 16:18:10.161983
1419	29	81	5	350.00	2024-12-17 08:45:20.470104
1420	47	67	2	90.00	2025-04-16 15:23:22.24921
1421	37	53	5	375.00	2025-03-30 01:41:54.980615
1422	41	67	4	14.00	2024-11-17 01:22:17.033059
1423	17	93	2	179.98	2024-10-27 21:51:10.991371
1424	6	11	1	19.99	2024-08-11 11:32:59.207758
1425	23	59	2	300.00	2025-04-27 15:48:11.859138
1426	27	76	5	142.50	2025-02-02 10:34:49.730109
1427	5	33	3	2397.00	2025-04-23 03:56:51.838074
1428	27	70	1	28.50	2025-04-03 00:22:51.347242
1429	48	81	2	50.00	2024-09-04 18:07:48.590021
1430	38	57	4	40.00	2024-07-30 12:21:53.679722
1431	15	91	1	120.00	2024-07-01 20:25:22.869744
1432	24	74	3	180.00	2025-01-10 19:19:18.852045
1433	50	9	1	60.00	2024-08-26 18:18:30.028412
1434	6	32	3	59.97	2024-07-06 06:39:23.88362
1435	11	65	4	60.00	2025-02-19 20:02:11.866426
1436	25	46	2	190.00	2024-10-24 09:47:31.993647
1437	13	30	1	35.00	2025-01-10 12:24:41.498066
1438	34	90	3	54.00	2025-06-09 03:17:56.467045
1439	6	38	3	59.97	2024-12-23 22:20:29.465954
1440	9	62	4	143.00	2025-05-13 05:39:38.410527
1441	4	50	2	499.98	2025-01-17 08:13:33.226777
1442	29	48	1	70.00	2024-09-07 11:40:45.84785
1443	4	40	3	749.97	2025-03-07 22:02:04.830917
1444	5	94	2	1598.00	2024-11-27 16:33:28.904934
1445	5	35	2	1598.00	2024-11-04 21:49:12.850193
1446	13	5	5	175.00	2024-12-12 17:33:33.052999
1447	5	40	1	799.00	2024-07-08 19:18:28.818707
1448	46	73	3	60.00	2025-01-21 19:38:36.796408
1449	15	14	2	240.00	2024-09-25 10:41:39.526187
1450	9	10	5	178.75	2025-02-20 14:41:42.025649
1451	36	65	4	48.00	2024-09-23 06:45:36.206152
1452	31	62	5	200.00	2024-10-26 10:54:14.896436
1453	49	6	4	120.00	2025-03-30 10:57:24.754802
1454	21	39	3	75.00	2024-07-18 22:02:18.020955
1455	6	97	4	79.96	2025-05-02 08:26:06.397734
1456	35	97	5	250.00	2025-01-05 10:04:12.137681
1457	32	71	4	140.00	2025-02-15 23:21:31.94094
1458	50	5	4	240.00	2024-09-25 15:32:09.391541
1459	10	64	2	44.00	2025-01-22 14:37:54.800091
1460	39	54	5	150.00	2024-07-02 04:53:38.186519
1461	42	29	2	8.00	2025-01-29 17:11:36.924208
1462	4	87	5	1249.95	2024-07-06 08:27:34.891434
1463	19	61	4	120.00	2025-06-04 15:26:09.991086
1464	32	24	4	140.00	2024-08-16 05:42:16.329307
1465	19	14	1	30.00	2024-09-15 00:37:13.431806
1466	18	85	1	65.00	2024-09-05 23:01:00.950739
1467	34	34	4	72.00	2024-07-23 08:39:49.428163
1468	35	57	4	200.00	2025-05-25 16:18:38.572414
1469	6	49	2	39.98	2025-06-28 16:47:15.930931
1470	24	53	2	120.00	2025-04-20 15:06:59.717238
1471	34	98	1	18.00	2025-05-04 13:29:22.476408
1472	13	19	4	140.00	2024-07-27 19:09:12.093778
1473	2	54	3	4498.50	2024-08-14 08:11:49.580339
1474	39	61	1	30.00	2025-02-06 18:26:10.437212
1475	27	61	3	85.50	2025-04-10 11:16:55.536369
1476	13	44	2	70.00	2025-01-22 20:26:02.094832
1477	14	7	2	80.00	2025-02-24 06:28:18.676973
1478	21	54	1	25.00	2025-05-05 00:26:04.346966
1479	34	94	3	54.00	2025-03-24 21:04:25.844479
1480	42	41	5	20.00	2025-04-05 23:56:16.747411
1481	25	90	3	285.00	2025-03-03 20:31:41.454624
1482	12	34	1	49.99	2025-05-05 20:06:50.310548
1483	35	67	1	50.00	2025-03-14 19:06:05.54326
1484	13	26	1	35.00	2025-03-31 22:01:10.063943
1485	46	29	1	20.00	2024-11-10 18:04:04.165818
1486	1	68	1	999.99	2025-02-28 09:38:27.661095
1487	12	49	4	199.96	2024-07-21 19:22:40.220317
1488	6	78	1	19.99	2024-07-24 21:51:31.104759
1489	25	7	1	95.00	2025-06-03 12:19:53.421119
1490	29	75	2	140.00	2024-07-23 15:49:33.864449
1491	36	91	4	48.00	2025-04-16 17:38:26.703621
1492	34	67	3	54.00	2025-05-31 04:08:52.36652
1493	49	46	1	30.00	2024-12-14 18:27:12.237843
1494	9	60	2	71.50	2024-11-28 07:45:14.646229
1495	22	65	2	160.00	2024-08-04 12:42:22.380375
1496	13	76	1	35.00	2024-10-17 10:32:33.637347
1497	41	8	1	3.50	2025-02-24 05:23:37.211614
1498	31	17	2	80.00	2025-03-01 10:48:48.974485
1499	13	88	5	175.00	2024-11-11 21:37:18.408347
1500	28	8	5	110.00	2024-08-08 10:22:53.529102
1501	46	69	3	60.00	2025-01-22 15:18:23.003123
1502	33	52	2	40.00	2025-01-27 01:08:28.827234
1503	14	96	4	160.00	2025-02-11 11:15:39.316316
1504	16	4	2	150.00	2025-06-29 22:46:44.68319
1505	17	12	2	179.98	2025-05-13 19:12:14.081762
1506	31	67	3	120.00	2025-04-18 13:00:35.06339
1507	1	97	1	999.99	2025-04-05 09:47:56.560611
1508	30	34	2	110.00	2025-02-17 08:56:03.067508
1509	23	35	4	600.00	2025-01-19 11:52:05.487699
1510	16	61	2	150.00	2024-08-21 10:04:31.072985
1511	23	45	2	300.00	2025-03-09 14:04:12.652947
1512	2	51	2	2999.00	2024-07-28 08:40:51.709836
1513	14	68	4	160.00	2025-02-04 12:22:51.173487
1514	16	81	3	225.00	2024-12-08 03:48:04.625434
1515	42	89	5	20.00	2025-01-04 04:31:56.771623
1516	17	20	4	359.96	2025-03-14 13:36:25.425789
1517	16	91	1	75.00	2025-06-15 04:23:44.987448
1518	2	85	1	1499.50	2025-03-20 16:44:07.96791
1519	11	67	1	15.00	2024-11-27 18:25:57.935118
1520	48	99	2	50.00	2024-07-25 19:16:09.32045
1521	25	33	5	475.00	2025-01-06 16:56:31.48612
1522	13	54	5	175.00	2024-09-15 13:42:22.447198
1523	41	100	3	10.50	2025-05-24 00:54:10.735014
1524	4	32	5	1249.95	2025-03-07 07:21:36.332734
1525	9	51	2	71.50	2024-08-07 04:42:32.539689
1526	38	15	3	30.00	2025-05-14 15:35:22.043008
1527	28	37	3	66.00	2024-11-19 05:41:15.347207
1528	26	40	1	18.00	2025-03-27 08:36:03.699293
1529	45	18	4	10.00	2025-06-11 08:06:55.206916
1530	21	60	2	50.00	2025-05-06 01:00:43.08612
1531	29	14	1	70.00	2025-01-05 06:31:11.390867
1532	16	87	4	300.00	2024-09-12 12:19:14.947232
1533	42	16	2	8.00	2025-02-18 01:29:21.899741
1534	22	18	3	240.00	2024-07-11 20:54:02.963803
1535	21	76	5	125.00	2024-08-14 16:34:05.894046
1536	26	11	3	54.00	2025-06-28 07:57:32.82483
1537	2	83	5	7497.50	2024-11-01 21:16:07.529656
1538	46	98	2	40.00	2025-03-27 22:06:21.760914
1539	39	63	4	120.00	2025-05-28 19:15:05.573701
1540	25	37	1	95.00	2024-11-30 23:13:35.228676
1541	44	56	2	16.00	2024-12-20 22:01:42.064076
1542	48	23	1	25.00	2025-02-24 15:57:25.325297
1543	23	13	2	300.00	2025-04-20 11:18:55.340931
1544	8	30	4	102.00	2024-11-22 08:15:26.762323
1545	44	86	2	16.00	2025-03-14 21:04:29.316971
1546	5	91	4	3196.00	2025-01-23 08:52:14.349209
1547	27	19	2	57.00	2025-05-09 15:22:24.742766
1548	35	63	2	100.00	2025-05-25 04:38:52.773119
1549	24	63	1	60.00	2024-08-11 20:02:58.286487
1550	18	62	4	260.00	2024-10-28 00:14:34.296498
1551	7	88	2	90.00	2025-03-29 22:00:55.5302
1552	9	82	2	71.50	2024-10-19 13:59:00.388522
1553	5	74	5	3995.00	2025-03-02 08:25:07.365173
1554	16	40	3	225.00	2024-08-27 09:12:49.801166
1555	3	52	5	645.00	2025-02-06 02:46:20.367066
1556	36	37	2	24.00	2024-08-04 06:36:48.478206
1557	50	71	1	60.00	2025-01-04 16:30:11.592862
1558	5	72	2	1598.00	2024-07-23 12:14:05.904393
1559	32	32	4	140.00	2024-07-30 21:10:24.932753
1560	37	39	1	75.00	2024-07-24 19:39:33.271692
1561	6	96	2	39.98	2024-09-02 18:08:20.548859
1562	25	72	3	285.00	2024-08-12 02:15:02.018736
1563	38	25	1	10.00	2024-08-16 19:03:21.012436
1564	46	58	2	40.00	2025-06-21 06:59:39.320596
1565	20	22	5	275.00	2025-04-15 10:17:19.595613
1566	11	54	4	60.00	2025-02-23 01:41:59.072705
1567	8	99	2	51.00	2025-02-04 01:24:52.896301
1568	5	82	2	1598.00	2024-11-04 16:59:03.992768
1569	40	63	1	60.00	2025-04-03 16:02:11.862228
1570	46	55	1	20.00	2024-07-16 13:42:12.524487
1571	15	96	1	120.00	2024-09-30 23:08:24.800692
1572	13	44	5	175.00	2025-05-01 13:43:24.280653
1573	24	66	3	180.00	2025-04-09 23:15:22.604279
1574	30	45	5	275.00	2025-01-27 14:51:36.533627
1575	32	90	4	140.00	2025-03-07 04:00:46.990217
1576	14	19	2	80.00	2024-07-08 15:50:47.830725
1577	10	91	1	22.00	2024-09-23 07:09:13.719915
1578	20	29	4	220.00	2024-10-09 10:27:36.722564
1579	35	57	5	250.00	2024-10-06 19:26:13.833775
1580	18	44	3	195.00	2024-09-11 13:48:17.374467
1581	24	33	2	120.00	2025-01-16 11:12:17.279573
1582	8	6	4	102.00	2025-01-30 08:40:58.712795
1583	8	78	3	76.50	2024-11-15 09:36:31.879375
1584	33	13	3	60.00	2025-05-08 13:32:17.087908
1585	4	28	1	249.99	2025-05-31 13:08:42.712851
1586	44	20	5	40.00	2024-12-11 20:57:30.767733
1587	16	21	4	300.00	2024-11-07 12:15:18.744502
1588	12	1	4	199.96	2025-01-06 22:23:07.455881
1589	24	38	4	240.00	2025-05-13 00:53:16.054195
1590	29	56	1	70.00	2024-12-02 23:12:00.109301
1591	38	73	4	40.00	2025-04-16 08:01:10.515853
1592	48	82	3	75.00	2025-06-04 20:31:04.565765
1593	48	31	3	75.00	2024-09-19 09:22:13.97854
1594	20	63	2	110.00	2024-10-21 20:11:53.80695
1595	31	48	1	40.00	2024-12-12 16:22:34.087707
1596	13	69	3	105.00	2024-12-02 07:21:51.871827
1597	29	94	3	210.00	2025-04-05 02:15:42.678502
1598	3	33	5	645.00	2024-11-30 22:09:35.087342
1599	21	88	1	25.00	2025-04-11 20:01:12.252094
1600	44	24	1	8.00	2024-12-28 01:51:46.045515
1601	37	98	4	300.00	2024-10-14 17:35:27.772577
1602	9	19	3	107.25	2025-06-19 07:29:27.45014
1603	40	66	1	60.00	2025-01-17 03:17:02.515451
1604	9	68	1	35.75	2025-01-04 12:02:00.668555
1605	48	78	3	75.00	2024-11-20 07:58:25.392099
1606	5	22	5	3995.00	2025-01-01 13:13:35.871242
1607	24	100	1	60.00	2025-03-24 00:47:25.875228
1608	23	93	2	300.00	2024-07-02 02:47:43.325074
1609	27	89	2	57.00	2024-09-24 09:22:20.61273
1610	7	18	1	45.00	2024-11-08 23:59:16.330435
1611	18	5	5	325.00	2025-05-22 09:02:42.390442
1612	18	48	4	260.00	2025-04-09 07:08:12.082565
1613	24	90	5	300.00	2024-10-28 07:52:38.076447
1614	1	84	3	2999.97	2024-10-23 10:20:18.354054
1615	23	96	4	600.00	2024-11-30 04:11:19.795053
1616	37	66	2	150.00	2024-08-07 03:31:23.680933
1617	28	86	5	110.00	2025-01-17 07:32:23.804571
1618	41	36	1	3.50	2025-05-08 04:26:45.851982
1619	10	79	3	66.00	2025-04-22 16:32:27.629191
1620	31	28	5	200.00	2024-08-04 01:30:32.55937
1621	18	70	3	195.00	2024-10-06 07:28:33.277
1622	2	35	1	1499.50	2024-09-15 21:32:25.671588
1623	14	60	4	160.00	2024-10-29 20:31:32.241355
1624	13	61	4	140.00	2025-04-17 17:52:45.712492
1625	5	15	1	799.00	2024-07-01 10:36:38.932589
1626	13	51	5	175.00	2024-08-05 02:21:36.530052
1627	32	57	4	140.00	2025-02-01 08:25:52.963761
1628	42	77	4	16.00	2024-10-27 12:37:22.245762
1629	46	32	3	60.00	2024-12-13 07:13:13.747179
1630	49	31	5	150.00	2024-09-16 05:52:48.295008
1631	2	5	5	7497.50	2025-06-04 12:57:31.048188
1632	30	31	2	110.00	2024-08-26 02:46:43.045623
1633	6	13	1	19.99	2024-07-27 22:08:25.096619
1634	41	9	5	17.50	2024-07-06 09:45:40.588543
1635	39	46	4	120.00	2024-10-29 03:05:16.801238
1636	31	70	4	160.00	2024-12-11 18:47:25.675269
1637	39	93	2	60.00	2025-01-29 09:10:07.663643
1638	18	82	5	325.00	2024-12-30 18:39:48.839732
1639	43	49	1	2.00	2025-05-20 07:58:30.602497
1640	26	56	4	72.00	2024-06-30 07:58:14.268055
1641	34	5	2	36.00	2025-02-22 10:59:35.988572
1642	3	1	5	645.00	2024-10-12 06:34:25.95288
1643	35	73	5	250.00	2025-05-27 07:08:03.854071
1644	40	27	3	180.00	2024-09-05 01:56:48.916362
1645	41	76	1	3.50	2025-03-23 03:46:27.373292
1646	41	95	5	17.50	2025-01-26 22:08:35.532671
1647	5	70	5	3995.00	2024-09-03 20:38:20.253411
1648	3	71	3	387.00	2024-11-29 02:27:00.698393
1649	49	73	3	90.00	2025-01-27 07:37:02.28024
1650	37	94	1	75.00	2024-09-05 15:48:04.021491
1651	29	72	2	140.00	2025-01-05 03:35:40.449252
1652	45	90	1	2.50	2025-04-17 18:56:13.787498
1653	11	74	4	60.00	2025-05-08 05:03:34.160401
1654	10	5	3	66.00	2024-08-06 22:07:43.417217
1655	42	23	4	16.00	2025-04-14 00:33:45.582445
1656	40	94	5	300.00	2024-11-29 19:22:34.396114
1657	7	49	2	90.00	2024-11-04 02:42:07.224303
1658	20	3	5	275.00	2025-03-24 01:57:35.231277
1659	16	44	2	150.00	2025-05-20 15:12:54.320821
1660	44	7	5	40.00	2025-05-08 11:11:05.616455
1661	14	77	4	160.00	2025-05-12 10:53:10.410547
1662	42	44	5	20.00	2025-03-02 08:21:31.372195
1663	47	59	3	135.00	2025-02-04 19:25:26.08283
1664	48	72	3	75.00	2025-04-01 05:59:40.843607
1665	31	75	2	80.00	2024-08-11 10:39:26.572199
1666	30	89	5	275.00	2025-03-26 02:45:26.982432
1667	2	43	4	5998.00	2025-02-09 18:35:33.425126
1668	20	79	1	55.00	2024-08-16 10:31:10.448585
1669	50	65	2	120.00	2024-12-23 19:43:40.449993
1670	24	81	1	60.00	2025-06-13 10:59:08.476908
1671	31	19	4	160.00	2024-07-31 02:23:08.04458
1672	28	46	4	88.00	2024-11-22 19:55:55.622912
1673	49	78	1	30.00	2025-06-29 19:47:44.864385
1674	15	78	3	360.00	2024-12-13 22:38:57.759682
1675	35	97	4	200.00	2025-05-11 07:57:28.494058
1676	33	33	4	80.00	2024-10-21 09:37:51.332477
1677	33	56	5	100.00	2024-07-12 16:43:06.023099
1678	34	54	3	54.00	2025-06-19 20:54:52.181262
1679	43	80	3	6.00	2024-08-16 14:11:57.900281
1680	47	9	5	225.00	2025-05-13 00:37:27.849231
1681	5	39	1	799.00	2025-02-08 14:00:36.889833
1682	37	38	5	375.00	2024-08-15 21:05:56.764878
1683	40	62	3	180.00	2025-02-12 14:55:46.02056
1684	15	70	4	480.00	2024-12-22 17:02:35.035513
1685	8	55	4	102.00	2025-02-15 01:23:26.026618
1686	8	27	5	127.50	2025-03-29 23:01:20.887005
1687	42	47	1	4.00	2024-12-04 11:33:02.241618
1688	17	82	1	89.99	2024-12-01 05:12:00.561187
1689	12	47	1	49.99	2025-01-22 00:06:40.214608
1690	23	71	4	600.00	2024-10-11 20:16:01.780392
1691	49	88	5	150.00	2025-01-07 17:47:31.642929
1692	13	20	5	175.00	2025-04-29 12:12:53.461331
1693	15	58	5	600.00	2024-09-15 17:48:16.239085
1694	14	5	2	80.00	2024-12-24 14:51:29.363655
1695	42	10	5	20.00	2024-10-05 08:45:06.303947
1696	33	69	3	60.00	2024-08-01 07:58:41.487731
1697	19	74	1	30.00	2024-12-16 14:13:13.066998
1698	17	6	5	449.95	2024-09-07 05:14:47.758505
1699	28	54	1	22.00	2024-08-07 18:54:53.77083
1700	44	88	2	16.00	2025-03-02 11:16:15.036776
1701	3	83	1	129.00	2024-09-17 22:46:55.840286
1702	24	7	5	300.00	2025-01-13 15:12:26.382506
1703	40	97	3	180.00	2024-10-24 12:52:35.557921
1704	21	51	1	25.00	2024-11-28 07:39:55.312903
1705	39	30	4	120.00	2025-01-15 03:53:12.972987
1706	14	25	2	80.00	2025-04-21 21:31:09.785564
1707	23	1	5	750.00	2024-08-01 20:04:32.939889
1708	18	23	5	325.00	2025-02-02 17:41:34.000514
1709	24	84	3	180.00	2024-08-31 03:29:11.260706
1710	12	55	2	99.98	2024-09-19 08:19:57.130946
1711	46	31	4	80.00	2025-01-18 21:06:39.188844
1712	47	93	3	135.00	2024-07-11 20:20:48.506203
1713	23	49	3	450.00	2025-01-22 12:50:45.858946
1714	38	29	4	40.00	2024-10-09 14:31:06.724505
1715	35	97	1	50.00	2024-11-13 18:15:14.53981
1716	40	98	1	60.00	2024-11-19 17:23:20.769368
1717	27	95	1	28.50	2025-06-01 12:54:22.996661
1718	31	44	5	200.00	2024-07-05 02:20:44.243281
1719	27	47	3	85.50	2024-07-27 05:08:19.027894
1720	42	12	4	16.00	2024-09-08 00:17:56.170589
1721	11	53	4	60.00	2024-07-28 06:09:51.294635
1722	30	37	4	220.00	2024-11-24 06:44:15.482426
1723	37	90	5	375.00	2024-07-28 16:09:43.4154
1724	6	62	2	39.98	2025-05-20 05:21:27.182069
1725	19	55	3	90.00	2024-11-29 21:02:00.515652
1726	22	84	4	320.00	2024-11-07 10:35:35.434126
1727	38	54	5	50.00	2024-09-22 14:07:58.65091
1728	30	84	4	220.00	2024-12-27 18:55:22.576278
1729	29	92	1	70.00	2024-08-09 10:54:44.826256
1730	17	59	5	449.95	2024-10-19 04:06:40.998676
1731	38	96	4	40.00	2025-01-05 08:11:01.794873
1732	38	17	3	30.00	2024-12-22 13:10:44.138316
1733	46	95	5	100.00	2025-05-17 01:55:48.927651
1734	14	18	1	40.00	2025-06-05 03:03:26.791013
1735	47	83	5	225.00	2025-01-19 22:52:43.994113
1736	48	63	5	125.00	2025-04-18 12:08:03.1606
1737	29	87	3	210.00	2024-09-12 03:59:24.6432
1738	16	84	5	375.00	2024-08-09 20:32:17.128922
1739	13	65	2	70.00	2024-09-09 22:07:24.57026
1740	14	38	1	40.00	2025-03-31 05:38:54.210957
1741	13	44	3	105.00	2024-12-14 15:25:30.619545
1742	45	89	2	5.00	2025-05-21 23:28:15.340832
1743	43	100	4	8.00	2024-10-10 21:09:40.856615
1744	23	31	5	750.00	2024-10-11 05:58:59.553649
1745	38	55	4	40.00	2025-01-12 07:46:18.196206
1746	9	14	5	178.75	2025-05-11 09:49:00.644438
1747	4	13	5	1249.95	2025-01-30 04:33:14.102881
1748	21	50	5	125.00	2024-08-28 23:43:06.012796
1749	22	5	1	80.00	2025-05-29 18:33:59.232234
1750	36	92	2	24.00	2025-01-20 13:15:24.562343
1751	47	30	4	180.00	2025-01-10 00:12:46.760581
1752	40	36	5	300.00	2024-11-25 05:55:37.524401
1753	11	49	1	15.00	2024-10-03 06:24:40.131173
1754	16	46	4	300.00	2025-05-23 16:10:59.029983
1755	33	72	2	40.00	2025-03-05 18:29:22.775648
1756	46	18	4	80.00	2025-03-06 14:17:45.407345
1757	33	57	1	20.00	2024-08-28 07:26:25.669093
1758	11	59	4	60.00	2024-09-29 04:32:01.971984
1759	20	31	1	55.00	2025-02-12 10:15:39.649865
1760	7	61	5	225.00	2024-12-17 12:46:56.804271
1761	35	41	5	250.00	2024-08-07 11:13:21.83512
1762	9	25	4	143.00	2024-08-19 14:24:37.483929
1763	49	71	1	30.00	2024-09-03 07:39:33.085966
1764	4	73	3	749.97	2024-09-04 15:20:42.396233
1765	10	72	5	110.00	2025-05-02 22:59:16.991299
1766	11	88	4	60.00	2025-01-14 00:33:46.822686
1767	23	1	1	150.00	2024-10-11 04:38:41.289887
1768	22	46	2	160.00	2024-09-17 12:31:29.527863
1769	6	26	3	59.97	2024-11-18 07:27:56.012045
1770	35	41	4	200.00	2024-07-08 14:56:42.144143
1771	43	82	3	6.00	2024-08-29 07:37:33.142312
1772	12	19	4	199.96	2025-02-04 16:23:23.257983
1773	8	73	4	102.00	2024-09-10 10:40:39.329486
1774	3	75	4	516.00	2025-06-07 21:13:54.648952
1775	16	44	1	75.00	2025-01-21 21:20:48.832613
1776	14	21	4	160.00	2024-12-15 14:06:54.945122
1777	40	64	2	120.00	2024-08-21 08:52:27.858346
1778	36	6	3	36.00	2025-02-15 12:39:40.237909
1779	29	78	1	70.00	2025-03-02 19:17:04.761684
1780	20	25	2	110.00	2024-07-29 01:25:14.338933
1781	43	61	1	2.00	2024-08-02 03:11:07.935116
1782	49	38	2	60.00	2025-02-07 14:37:08.920129
1783	16	72	4	300.00	2025-03-25 18:52:51.149726
1784	29	69	5	350.00	2024-10-19 03:20:31.726968
1785	33	29	2	40.00	2025-06-08 04:51:41.973065
1786	22	80	4	320.00	2025-04-23 11:56:57.713677
1787	39	89	4	120.00	2025-06-27 00:08:14.052022
1788	10	39	2	44.00	2024-10-30 19:07:36.539474
1789	32	3	4	140.00	2024-07-02 09:49:47.407752
1790	4	75	3	749.97	2024-08-29 01:53:41.326564
1791	45	35	2	5.00	2025-06-19 08:35:29.034356
1792	46	7	3	60.00	2024-08-19 04:46:13.618554
1793	45	23	5	12.50	2025-03-29 03:23:02.287263
1794	11	35	3	45.00	2024-12-17 16:10:18.325357
1795	12	46	3	149.97	2024-09-28 05:56:29.524006
1796	37	93	1	75.00	2025-03-19 05:29:05.459279
1797	9	4	2	71.50	2025-03-21 23:06:25.650107
1798	38	10	3	30.00	2025-01-05 16:04:09.961425
1799	11	48	3	45.00	2024-12-24 03:50:03.996286
1800	5	16	5	3995.00	2024-11-17 20:57:25.130579
1801	4	12	2	499.98	2025-01-02 02:57:49.65866
1802	41	95	2	7.00	2024-07-21 19:38:57.605106
1803	40	20	4	240.00	2025-06-13 20:28:45.886796
1804	16	74	4	300.00	2025-02-06 01:57:29.766274
1805	37	46	3	225.00	2025-05-25 06:43:04.173223
1806	22	44	3	240.00	2024-11-26 04:48:43.487162
1807	18	63	1	65.00	2025-03-31 16:44:03.461961
1808	20	14	1	55.00	2025-06-20 18:51:08.748312
1809	43	56	4	8.00	2024-09-13 00:41:49.673862
1810	19	38	1	30.00	2025-03-02 04:28:30.731557
1811	48	92	5	125.00	2024-12-26 17:07:26.838219
1812	49	87	5	150.00	2024-10-04 00:38:36.434322
1813	11	44	1	15.00	2025-06-17 01:37:48.481131
1814	27	98	2	57.00	2025-05-09 23:27:25.287477
1815	19	89	4	120.00	2024-08-07 13:01:05.851394
1816	40	40	4	240.00	2024-10-15 23:47:32.156278
1817	30	7	4	220.00	2025-02-07 03:00:52.546669
1818	23	8	1	150.00	2025-01-09 21:23:54.700743
1819	14	46	1	40.00	2024-07-07 06:13:37.443547
1820	12	42	1	49.99	2024-07-26 02:37:56.578751
1821	48	52	3	75.00	2025-02-18 07:16:26.493183
1822	40	45	5	300.00	2025-04-25 14:05:00.095848
1823	25	98	4	380.00	2025-05-29 22:05:01.889758
1824	31	56	2	80.00	2025-02-21 21:24:30.230422
1825	2	59	3	4498.50	2024-09-24 08:56:58.885881
1826	12	76	3	149.97	2025-01-22 02:13:16.026944
1827	8	95	3	76.50	2024-07-25 08:56:17.145544
1828	29	4	3	210.00	2025-01-11 03:20:51.125259
1829	6	2	2	39.98	2024-08-11 06:33:34.500385
1830	5	43	3	2397.00	2024-11-30 12:26:47.428678
1831	42	14	1	4.00	2025-01-02 17:31:08.425018
1832	47	96	3	135.00	2024-07-17 14:04:10.233253
1833	23	25	3	450.00	2024-08-25 17:50:28.654977
1834	7	2	1	45.00	2024-08-15 16:15:45.98282
1835	15	63	5	600.00	2025-05-05 07:06:28.880812
1836	28	2	2	44.00	2024-11-06 06:01:00.845791
1837	37	83	4	300.00	2024-08-06 02:49:05.019442
1838	43	49	4	8.00	2024-07-16 12:13:36.097359
1839	49	51	3	90.00	2024-09-21 23:41:45.959435
1840	29	85	3	210.00	2024-07-13 10:48:55.042112
1841	3	71	2	258.00	2025-02-13 23:56:04.351295
1842	44	98	5	40.00	2024-11-16 06:49:57.666539
1843	16	45	3	225.00	2025-02-25 09:03:06.318711
1844	20	1	2	110.00	2024-10-31 08:07:03.782001
1845	20	3	4	220.00	2025-05-22 06:25:12.217621
1846	15	45	2	240.00	2025-02-07 13:47:54.082259
1847	50	13	2	120.00	2024-08-18 04:54:49.639303
1848	38	36	5	50.00	2024-07-31 22:48:47.777204
1849	35	83	2	100.00	2024-07-03 19:51:24.113016
1850	9	86	2	71.50	2025-06-22 06:14:01.978163
1851	20	29	4	220.00	2024-11-27 20:41:32.003285
1852	33	89	2	40.00	2024-08-25 07:10:53.343418
1853	23	12	2	300.00	2024-10-03 14:31:55.336539
1854	9	68	5	178.75	2024-11-19 15:30:45.863665
1855	33	85	1	20.00	2025-01-20 02:20:42.780533
1856	20	16	1	55.00	2024-07-26 07:35:30.933763
1857	19	71	2	60.00	2025-01-09 23:09:07.267693
1858	34	96	4	72.00	2024-10-14 09:53:09.122354
1859	33	38	1	20.00	2025-05-20 23:22:58.447763
1860	47	12	2	90.00	2024-10-14 17:20:22.393654
1861	27	98	1	28.50	2024-11-06 10:56:58.166801
1862	36	2	5	60.00	2024-08-18 07:19:49.671524
1863	17	67	2	179.98	2024-11-30 00:21:21.952109
1864	39	80	3	90.00	2024-08-20 11:27:28.233893
1865	39	1	5	150.00	2025-03-18 22:57:17.930134
1866	19	98	1	30.00	2024-07-18 20:18:37.039053
1867	10	67	3	66.00	2025-02-27 22:59:49.67398
1868	4	19	5	1249.95	2024-08-09 18:58:07.051763
1869	43	63	1	2.00	2024-08-03 21:38:39.634397
1870	6	69	4	79.96	2025-02-04 17:10:25.304698
1871	49	7	1	30.00	2024-09-15 09:03:45.133748
1872	21	1	4	100.00	2025-06-16 04:32:42.757818
1873	26	70	3	54.00	2025-03-26 21:42:45.509641
1874	17	75	4	359.96	2024-12-03 06:04:15.720858
1875	34	73	5	90.00	2025-05-22 20:42:57.934782
1876	33	77	1	20.00	2025-06-03 11:03:07.898426
1877	47	71	1	45.00	2024-11-09 03:00:09.268711
1878	44	2	2	16.00	2024-09-09 10:57:59.217235
1879	14	14	5	200.00	2025-05-21 13:45:51.366723
1880	48	78	2	50.00	2024-07-23 16:22:03.225172
1881	36	9	2	24.00	2025-01-27 17:37:37.283858
1882	41	83	3	10.50	2024-09-28 01:02:53.856626
1883	13	6	5	175.00	2025-05-31 05:10:30.907426
1884	31	66	2	80.00	2025-03-31 13:03:23.799038
1885	7	81	3	135.00	2024-11-28 18:00:16.802019
1886	8	28	4	102.00	2024-07-07 10:37:44.495327
1887	14	29	2	80.00	2025-02-27 20:26:28.825109
1888	18	76	3	195.00	2024-07-06 20:52:43.685861
1889	13	34	3	105.00	2025-05-04 06:44:36.72128
1890	32	56	1	35.00	2025-06-15 12:07:40.352689
1891	18	94	5	325.00	2025-02-13 09:22:37.56773
1892	45	30	4	10.00	2024-07-09 17:50:51.288087
1893	10	26	4	88.00	2024-10-02 21:50:25.506638
1894	22	80	2	160.00	2025-06-06 09:16:20.556164
1895	31	100	1	40.00	2024-11-11 08:54:01.543153
1896	38	18	3	30.00	2024-11-02 18:45:58.361041
1897	24	8	5	300.00	2025-06-01 13:02:45.541189
1898	38	9	5	50.00	2024-08-14 00:45:53.20677
1899	40	4	2	120.00	2024-08-01 20:21:22.369124
1900	47	59	1	45.00	2024-10-02 21:02:11.869941
1901	3	58	3	387.00	2025-04-24 02:13:14.641929
1902	5	4	1	799.00	2024-10-11 18:29:29.437865
1903	46	52	1	20.00	2024-09-10 18:59:22.809668
1904	33	42	2	40.00	2025-05-07 09:11:18.424192
1905	31	96	4	160.00	2025-04-17 06:37:49.91587
1906	28	18	4	88.00	2024-11-26 19:23:22.390202
1907	28	32	5	110.00	2025-05-26 17:40:40.365133
1908	32	62	5	175.00	2025-01-27 23:29:18.555345
1909	49	15	4	120.00	2024-08-21 19:46:49.053836
1910	17	58	4	359.96	2025-01-07 20:22:31.158978
1911	29	75	5	350.00	2025-01-27 01:23:06.735671
1912	47	54	4	180.00	2024-10-02 22:52:57.794815
1913	48	51	2	50.00	2025-02-17 09:20:15.241346
1914	35	44	5	250.00	2024-09-07 03:44:16.703722
1915	3	54	2	258.00	2024-08-13 09:52:21.723805
1916	45	59	3	7.50	2025-02-20 00:18:47.542433
1917	38	71	2	20.00	2024-08-02 06:24:37.633518
1918	27	92	1	28.50	2025-01-26 04:30:51.765185
1919	8	67	2	51.00	2024-08-22 12:26:44.003321
1920	43	38	1	2.00	2024-09-18 05:48:56.193833
1921	31	100	3	120.00	2024-09-30 01:43:54.05421
1922	42	60	3	12.00	2024-07-21 07:39:12.207315
1923	36	83	4	48.00	2024-08-15 14:06:02.215421
1924	26	100	1	18.00	2024-07-19 15:56:09.157004
1925	26	75	3	54.00	2024-07-16 00:49:52.607479
1926	39	50	4	120.00	2024-10-30 21:36:28.69883
1927	47	83	4	180.00	2025-02-25 01:12:02.22491
1928	43	46	4	8.00	2025-04-12 04:50:06.352281
1929	5	29	2	1598.00	2024-09-12 13:19:20.701491
1930	9	9	1	35.75	2025-06-06 13:37:22.069551
1931	39	8	4	120.00	2024-11-04 21:59:02.080618
1932	46	67	1	20.00	2025-05-21 04:59:03.59599
1933	9	92	1	35.75	2025-02-16 21:01:02.728814
1934	33	93	3	60.00	2025-03-22 00:22:05.743216
1935	9	40	2	71.50	2024-07-16 05:25:15.498334
1936	47	13	2	90.00	2025-04-07 22:06:18.766508
1937	5	41	4	3196.00	2025-05-10 09:10:58.101957
1938	2	86	2	2999.00	2024-08-24 18:44:35.481117
1939	48	69	1	25.00	2024-09-07 08:14:29.000099
1940	19	90	4	120.00	2024-12-04 17:22:47.224507
1941	20	74	3	165.00	2025-01-21 23:04:20.837373
1942	30	2	1	55.00	2025-06-04 07:50:50.984252
1943	27	81	5	142.50	2025-06-02 01:31:17.33897
1944	21	80	5	125.00	2024-07-17 12:53:59.706809
1945	6	92	2	39.98	2024-07-30 13:46:10.792412
1946	43	48	1	2.00	2025-02-20 08:30:39.945099
1947	10	6	3	66.00	2025-01-08 18:26:18.297481
1948	33	62	1	20.00	2025-03-31 11:34:21.54309
1949	34	62	3	54.00	2024-09-17 10:18:29.870019
1950	24	8	1	60.00	2025-01-10 10:16:39.477012
1951	18	74	3	195.00	2024-09-15 22:19:38.899686
1952	8	36	1	25.50	2025-05-01 12:53:58.814844
1953	49	54	2	60.00	2024-10-12 16:52:33.089534
1954	9	90	3	107.25	2024-11-20 09:34:11.23101
1955	24	12	4	240.00	2024-10-15 16:07:04.259762
1956	49	33	2	60.00	2024-12-25 01:28:43.302354
1957	48	83	4	100.00	2024-08-16 05:17:16.397096
1958	14	96	2	80.00	2024-12-06 01:37:04.827644
1959	49	44	3	90.00	2025-06-10 00:28:23.801333
1960	2	95	2	2999.00	2024-09-19 19:30:34.7019
1961	5	27	1	799.00	2025-01-01 07:22:37.409425
1962	36	65	1	12.00	2025-04-11 01:25:56.770106
1963	47	6	3	135.00	2025-03-07 00:36:17.116694
1964	17	90	1	89.99	2025-04-16 21:08:39.45274
1965	1	68	5	4999.95	2025-02-07 15:07:16.735967
1966	33	63	2	40.00	2024-11-24 22:33:35.097472
1967	47	82	5	225.00	2024-11-19 09:25:21.541841
1968	12	60	5	249.95	2024-11-30 12:56:24.121057
1969	34	21	5	90.00	2024-07-16 21:29:14.406343
1970	36	43	3	36.00	2024-10-23 12:42:35.419297
1971	15	37	2	240.00	2024-07-12 13:39:06.783291
1972	11	40	3	45.00	2025-03-23 10:46:20.463634
1973	5	55	1	799.00	2025-05-12 09:09:02.519636
1974	44	83	2	16.00	2025-05-19 22:50:45.029191
1975	28	37	2	44.00	2024-07-08 08:24:39.065763
1976	1	13	5	4999.95	2025-05-28 15:23:58.067147
1977	1	43	5	4999.95	2025-03-13 10:49:54.927669
1978	44	60	2	16.00	2024-12-26 23:18:30.291423
1979	21	1	5	125.00	2024-10-24 10:19:51.751985
1980	13	69	1	35.00	2024-07-31 23:47:07.210811
1981	37	40	2	150.00	2024-06-30 21:13:05.499624
1982	4	29	1	249.99	2025-03-21 18:07:20.128801
1983	46	20	4	80.00	2025-04-12 09:33:44.02923
1984	7	50	3	135.00	2024-07-13 22:25:46.607472
1985	26	35	4	72.00	2025-04-11 08:29:56.613397
1986	6	83	2	39.98	2025-06-14 03:05:47.099831
1987	17	47	1	89.99	2025-02-10 00:48:26.349088
1988	14	98	4	160.00	2025-01-12 00:14:18.980775
1989	44	9	2	16.00	2025-06-02 12:52:19.171184
1990	37	81	3	225.00	2024-11-03 18:10:22.898819
1991	26	9	1	18.00	2024-10-20 17:49:37.283943
1992	17	18	4	359.96	2025-02-18 21:22:53.418642
1993	49	41	2	60.00	2024-11-01 10:20:41.090458
1994	27	33	5	142.50	2024-10-13 07:25:57.763061
1995	43	79	2	4.00	2024-08-09 15:24:37.058537
1996	9	25	4	143.00	2025-01-04 09:08:13.83936
1997	15	24	1	120.00	2025-04-08 05:36:45.77323
1998	49	55	4	120.00	2024-09-10 16:42:02.141709
1999	21	20	5	125.00	2025-02-25 04:48:57.06774
2000	33	88	3	60.00	2025-01-06 10:25:28.605726
2001	42	85	2	8.00	2024-07-07 20:59:42.273855
\.


--
-- Data for Name: users; Type: TABLE DATA; Schema: public; Owner: user
--

COPY public.users (id, first_name, last_name, email, password_hash, phone_number, date_of_birth, registration_date, last_login, is_active) FROM stdin;
1	John	Doe	john.doe.1@gmail.com	hashed_password_1	+12125550101	1985-03-10	2025-06-30 07:15:28.433631	2024-06-25 10:30:00	t
2	Jane	Smith	jane.smith.2@hotmail.com	hashed_password_2	+442079460002	1992-07-22	2025-06-30 07:15:28.433631	2024-05-18 14:15:00	t
3	Robert	Johnson	robert.j.3@outlook.com	hashed_password_3	+493012345673	1978-01-05	2025-06-30 07:15:28.433631	2024-06-01 08:00:00	t
4	Emily	Brown	emily.b.4@yahoo.com	hashed_password_4	+33123456784	1995-11-30	2025-06-30 07:15:28.433631	2024-04-10 20:00:00	t
5	Michael	Davis	michael.d.5@example.com	hashed_password_5	+81312345675	1980-09-12	2025-06-30 07:15:28.433631	2024-06-29 11:45:00	t
6	Sarah	Miller	sarah.m.6@protonmail.com	hashed_password_6	+61298765436	1990-04-18	2025-06-30 07:15:28.433631	2024-06-28 09:00:00	t
7	David	Wilson	david.w.7@aol.com	hashed_password_7	+551198765437	1983-02-25	2025-06-30 07:15:28.433631	2024-05-05 16:20:00	t
8	Jessica	Moore	jessica.m.8@zohomail.com	hashed_password_8	+919876543218	1997-12-01	2025-06-30 07:15:28.433631	2024-06-15 13:00:00	t
9	Chris	Taylor	chris.t.9@icloud.com	hashed_password_9	+74951234569	1988-06-03	2025-06-30 07:15:28.433631	2024-03-20 07:30:00	t
10	Laura	Anderson	laura.a.10@gmx.com	hashed_password_10	+34911234560	1993-08-14	2025-06-30 07:15:28.433631	2024-06-27 18:00:00	t
11	Daniel	Thomas	daniel.t.11@live.com	hashed_password_11	+13051234561	1981-10-29	2025-06-30 07:15:28.433631	2024-05-22 09:10:00	t
12	Olivia	Jackson	olivia.j.12@mail.com	hashed_password_12	+861012345672	1996-03-07	2025-06-30 07:15:28.433631	2024-06-08 21:00:00	t
13	James	White	james.w.13@web.de	hashed_password_13	+39061234563	1975-05-19	2025-06-30 07:15:28.433631	2024-04-28 11:00:00	t
14	Sophia	Harris	sophia.h.14@outlook.co.uk	hashed_password_14	+46812345674	1991-09-02	2025-06-30 07:15:28.433631	2024-06-20 15:30:00	t
15	William	Martin	william.m.15@yahoo.co.in	hashed_password_15	+27111234565	1987-01-28	2025-06-30 07:15:28.433631	2024-05-11 10:00:00	t
16	Ava	Thompson	ava.t.16@yandex.com	hashed_password_16	+525512345676	1994-04-04	2025-06-30 07:15:28.433631	2024-06-03 17:00:00	t
17	Ethan	Garcia	ethan.g.17@inbox.com	hashed_password_17	+64912345677	1982-11-17	2025-06-30 07:15:28.433631	2024-04-25 08:45:00	t
18	Mia	Martinez	mia.m.18@tutanota.com	hashed_password_18	+43112345678	1998-07-09	2025-06-30 07:15:28.433631	2024-06-26 19:00:00	t
19	Alexander	Robinson	alex.r.19@mail.ru	hashed_password_19	+48221234569	1979-08-21	2025-06-30 07:15:28.433631	2024-05-01 12:00:00	t
20	Charlotte	Clark	charlotte.c.20@webmail.com	hashed_password_20	+82212345670	1990-01-01	2025-06-30 07:15:28.433631	2024-06-10 16:00:00	t
21	Noah	Rodriguez	noah.r.21@usa.com	hashed_password_21	+14161234561	1986-04-15	2025-06-30 07:15:28.433631	2024-03-01 09:30:00	t
22	Amelia	Lewis	amelia.l.22@fastmail.com	hashed_password_22	+35311234562	1993-09-28	2025-06-30 07:15:28.433631	2024-06-24 14:00:00	t
23	Lucas	Lee	lucas.l.23@zoho.eu	hashed_password_23	+47221234563	1984-12-03	2025-06-30 07:15:28.433631	2024-05-29 10:15:00	t
24	Harper	Walker	harper.w.24@email.com	hashed_password_24	+45321234564	1996-02-19	2025-06-30 07:15:28.433631	2024-06-18 11:30:00	t
25	Benjamin	Hall	benjamin.h.25@gmx.net	hashed_password_25	+31201234565	1977-06-08	2025-06-30 07:15:28.433631	2024-04-05 13:45:00	t
26	Evelyn	Allen	evelyn.a.26@mail.ru	hashed_password_26	+41221234566	1991-10-23	2025-06-30 07:15:28.433631	2024-06-21 09:00:00	t
27	Mason	Young	mason.y.27@yahoo.es	hashed_password_27	+30210123457	1989-03-01	2025-06-30 07:15:28.433631	2024-05-09 16:00:00	t
28	Abigail	Hernandez	abigail.h.28@outlook.fr	hashed_password_28	+35891234568	1995-08-06	2025-06-30 07:15:28.433631	2024-06-06 22:00:00	t
29	Logan	King	logan.k.29@gmail.co.uk	hashed_password_29	+42021234569	1980-11-11	2025-06-30 07:15:28.433631	2024-04-17 07:00:00	t
30	Elizabeth	Wright	elizabeth.w.30@hotmail.co.uk	hashed_password_30	+40211234560	1992-05-26	2025-06-30 07:15:28.433631	2024-06-23 10:00:00	t
31	Jackson	Lopez	jackson.l.31@aol.co.uk	hashed_password_31	+36112345671	1976-02-09	2025-06-30 07:15:28.433631	2024-05-15 15:00:00	t
32	Sofia	Hill	sofia.h.32@example.org	hashed_password_32	+46701234562	1997-07-04	2025-06-30 07:15:28.433631	2024-06-12 12:00:00	t
33	Aiden	Scott	aiden.s.33@protonmail.ch	hashed_password_33	+41441234563	1983-10-18	2025-06-30 07:15:28.433631	2024-03-28 08:30:00	t
34	Grace	Green	grace.g.34@outlook.de	hashed_password_34	+32212345674	1994-01-21	2025-06-30 07:15:28.433631	2024-06-29 16:40:00	t
35	Joseph	Adams	joseph.a.35@mail.com	hashed_password_35	+351212345675	1988-05-07	2025-06-30 07:15:28.433631	2024-05-02 11:20:00	t
36	Chloe	Baker	chloe.b.36@yahoo.fr	hashed_password_36	+38044123456	1990-11-01	2025-06-30 07:15:28.433631	2024-06-07 19:00:00	t
37	Samuel	Nelson	samuel.n.37@gmx.fr	hashed_password_37	+42121234567	1981-08-13	2025-06-30 07:15:28.433631	2024-04-01 09:00:00	t
38	Ella	Carter	ella.c.38@icloud.com	hashed_password_38	+37051234568	1996-04-26	2025-06-30 07:15:28.433631	2024-06-22 13:00:00	t
39	David	Mitchell	david.m.39@live.co.uk	hashed_password_39	+37167123459	1974-09-09	2025-06-30 07:15:28.433631	2024-05-25 10:40:00	t
40	Victoria	Perez	victoria.p.40@web.de	hashed_password_40	+37261234560	1993-02-02	2025-06-30 07:15:28.433631	2024-06-16 18:30:00	t
41	Matthew	Roberts	matthew.r.41@gmail.de	hashed_password_41	+38611234561	1985-06-17	2025-06-30 07:15:28.433631	2024-04-12 07:45:00	t
42	Aria	Turner	aria.t.42@hotmail.de	hashed_password_42	+38511234562	1998-10-08	2025-06-30 07:15:28.433631	2024-06-30 09:00:00	t
43	Leo	Phillips	leo.p.43@outlook.es	hashed_password_43	+35921234563	1979-03-24	2025-06-30 07:15:28.433631	2024-05-08 14:00:00	t
44	Scarlett	Campbell	scarlett.c.44@yahoo.de	hashed_password_44	+35221234564	1991-07-11	2025-06-30 07:15:28.433631	2024-06-05 20:30:00	t
45	Julian	Parker	julian.p.45@example.net	hashed_password_45	+35722123455	1982-12-06	2025-06-30 07:15:28.433631	2024-04-08 11:00:00	t
46	Hannah	Evans	hannah.e.46@protonmail.com	hashed_password_46	+37517123456	1997-05-01	2025-06-30 07:15:28.433631	2024-06-28 15:00:00	t
47	Gabriel	Edwards	gabriel.e.47@aol.de	hashed_password_47	+37322123457	1980-08-16	2025-06-30 07:15:28.433631	2024-05-03 08:00:00	t
48	Zoe	Collins	zoe.c.48@zohomail.eu	hashed_password_48	+38111234568	1994-03-09	2025-06-30 07:15:28.433631	2024-06-19 17:30:00	t
49	Anthony	Stewart	anthony.s.49@icloud.co.uk	hashed_password_49	+38733123459	1987-11-20	2025-06-30 07:15:28.433631	2024-03-15 09:00:00	t
50	Lily	Sanchez	lily.s.50@gmx.ch	hashed_password_50	+38921234560	1990-06-29	2025-06-30 07:15:28.433631	2024-06-26 10:00:00	t
51	Owen	Morris	owen.m.51@live.fr	hashed_password_51	+35621234561	1983-01-14	2025-06-30 07:15:28.433631	2024-05-20 14:30:00	t
52	Addison	Rogers	addison.r.52@mail.fr	hashed_password_52	+37797123452	1996-09-03	2025-06-30 07:15:28.433631	2024-06-09 21:00:00	t
53	Connor	Reed	connor.r.53@web.fr	hashed_password_53	+37687123453	1975-04-27	2025-06-30 07:15:28.433631	2024-04-20 11:00:00	t
54	Stella	Cook	stella.c.54@outlook.ie	hashed_password_54	+38220123454	1991-12-18	2025-06-30 07:15:28.433631	2024-06-13 15:45:00	t
55	Nathan	Morgan	nathan.m.55@yahoo.ie	hashed_password_55	+38338123455	1988-07-01	2025-06-30 07:15:28.433631	2024-05-06 10:00:00	t
56	Penelope	Bell	penelope.b.56@yandex.ru	hashed_password_56	+38044123456	1994-02-12	2025-06-30 07:15:28.433631	2024-06-02 17:00:00	t
57	Ryan	Murphy	ryan.m.57@inbox.ru	hashed_password_57	+38044123457	1981-10-05	2025-06-30 07:15:28.433631	2024-04-29 08:45:00	t
58	Chloe	Bailey	chloe.b.58@tutanota.de	hashed_password_58	+38044123458	1998-05-23	2025-06-30 07:15:28.433631	2024-06-27 19:00:00	t
59	Caleb	Cooper	caleb.c.59@mail.de	hashed_password_59	+38044123459	1979-09-16	2025-06-30 07:15:28.433631	2024-05-04 12:00:00	t
60	Grace	Richardson	grace.r.60@webmail.de	hashed_password_60	+38044123460	1990-02-07	2025-06-30 07:15:28.433631	2024-06-11 16:00:00	t
61	Isaac	Cox	isaac.c.61@usa.com	hashed_password_61	+38044123461	1986-07-20	2025-06-30 07:15:28.433631	2024-03-05 09:30:00	t
62	Samantha	Howard	samantha.h.62@fastmail.de	hashed_password_62	+38044123462	1993-12-04	2025-06-30 07:15:28.433631	2024-06-25 14:00:00	t
63	Nathaniel	Ward	nathaniel.w.63@zoho.com	hashed_password_63	+38044123463	1984-05-10	2025-06-30 07:15:28.433631	2024-05-30 10:15:00	t
64	Victoria	Torres	victoria.t.64@email.de	hashed_password_64	+38044123464	1996-08-25	2025-06-30 07:15:28.433631	2024-06-19 11:30:00	t
65	Gabriel	Peterson	gabriel.p.65@gmx.at	hashed_password_65	+38044123465	1977-01-30	2025-06-30 07:15:28.433631	2024-04-06 13:45:00	t
66	Audrey	Gray	audrey.g.66@mail.at	hashed_password_66	+38044123466	1991-06-13	2025-06-30 07:15:28.433631	2024-06-22 09:00:00	t
67	Andrew	Ramirez	andrew.r.67@yahoo.at	hashed_password_67	+38044123467	1989-10-27	2025-06-30 07:15:28.433631	2024-05-10 16:00:00	t
68	Stella	James	stella.j.68@outlook.at	hashed_password_68	+38044123468	1995-03-02	2025-06-30 07:15:28.433631	2024-06-07 22:00:00	t
69	Julian	Watson	julian.w.69@gmail.at	hashed_password_69	+38044123469	1980-07-15	2025-06-30 07:15:28.433631	2024-04-18 07:00:00	t
70	Layla	Brooks	layla.b.70@hotmail.at	hashed_password_70	+38044123470	1992-12-08	2025-06-30 07:15:28.433631	2024-06-24 10:00:00	t
71	Christian	Kelly	christian.k.71@aol.at	hashed_password_71	+38044123471	1976-05-01	2025-06-30 07:15:28.433631	2024-05-16 15:00:00	t
72	Aurora	Sanders	aurora.s.72@example.at	hashed_password_72	+38044123472	1997-10-14	2025-06-30 07:15:28.433631	2024-06-13 12:00:00	t
73	Dylan	Price	dylan.p.73@protonmail.at	hashed_password_73	+38044123473	1983-03-29	2025-06-30 07:15:28.433631	2024-03-29 08:30:00	t
74	Eleanor	Bennett	eleanor.b.74@zohomail.at	hashed_password_74	+38044123474	1994-08-19	2025-06-30 07:15:28.433631	2024-06-30 16:40:00	t
75	Christopher	Wood	chris.w.75@icloud.at	hashed_password_75	+38044123475	1988-01-03	2025-06-30 07:15:28.433631	2024-05-04 11:20:00	t
76	Brooklyn	Barnes	brooklyn.b.76@gmx.at	hashed_password_76	+38044123476	1990-07-25	2025-06-30 07:15:28.433631	2024-06-08 19:00:00	t
77	Adam	Ross	adam.r.77@live.at	hashed_password_77	+38044123477	1981-12-09	2025-06-30 07:15:28.433631	2024-04-02 09:00:00	t
78	Clara	Henderson	clara.h.78@mail.at	hashed_password_78	+38044123478	1996-05-04	2025-06-30 07:15:28.433631	2024-06-23 13:00:00	t
79	Jonathan	Coleman	jonathan.c.79@web.at	hashed_password_79	+38044123479	1974-10-10	2025-06-30 07:15:28.433631	2024-05-26 10:40:00	t
80	Alice	Jenkins	alice.j.80@outlook.com	hashed_password_80	+38044123480	1993-03-05	2025-06-30 07:15:28.433631	2024-06-17 18:30:00	t
81	Luke	Perry	luke.p.81@gmail.com	hashed_password_81	+38044123481	1985-08-18	2025-06-30 07:15:28.433631	2024-04-13 07:45:00	t
82	Maya	Powell	maya.p.82@hotmail.com	hashed_password_82	+38044123482	1998-01-09	2025-06-30 07:15:28.433631	2024-06-29 09:00:00	t
83	Brandon	Long	brandon.l.83@outlook.com	hashed_password_83	+38044123483	1979-06-26	2025-06-30 07:15:28.433631	2024-05-09 14:00:00	t
84	Anna	Patterson	anna.p.84@yahoo.com	hashed_password_84	+38044123484	1991-11-13	2025-06-30 07:15:28.433631	2024-06-06 20:30:00	t
85	Sean	Hughes	sean.h.85@example.com	hashed_password_85	+38044123485	1982-04-08	2025-06-30 07:15:28.433631	2024-04-09 11:00:00	t
86	Victoria	Flores	victoria.f.86@protonmail.com	hashed_password_86	+38044123486	1997-09-22	2025-06-30 07:15:28.433631	2024-06-29 15:00:00	t
87	Kevin	Washington	kevin.w.87@aol.com	hashed_password_87	+38044123487	1980-02-04	2025-06-30 07:15:28.433631	2024-05-05 08:00:00	t
88	Maria	Butler	maria.b.88@zohomail.com	hashed_password_88	+38044123488	1994-07-17	2025-06-30 07:15:28.433631	2024-06-20 17:30:00	t
89	Justin	Simmons	justin.s.89@icloud.com	hashed_password_89	+38044123489	1987-12-02	2025-06-30 07:15:28.433631	2024-03-16 09:00:00	t
90	Sarah	Foster	sarah.f.90@gmx.com	hashed_password_90	+38044123490	1990-05-15	2025-06-30 07:15:28.433631	2024-06-27 10:00:00	t
91	Eric	Gonzales	eric.g.91@live.com	hashed_password_91	+38044123491	1983-10-28	2025-06-30 07:15:28.433631	2024-05-21 14:30:00	t
92	Megan	Bryant	megan.b.92@mail.com	hashed_password_92	+38044123492	1996-03-21	2025-06-30 07:15:28.433631	2024-06-10 21:00:00	t
93	Jose	Russell	jose.r.93@web.de	hashed_password_93	+38044123493	1975-08-05	2025-06-30 07:15:28.433631	2024-04-21 11:00:00	t
94	Lauren	Griffin	lauren.g.94@outlook.co.uk	hashed_password_94	+38044123494	1991-01-18	2025-06-30 07:15:28.433631	2024-06-14 15:45:00	t
95	Tyler	Diaz	tyler.d.95@yahoo.co.in	hashed_password_95	+38044123495	1988-06-03	2025-06-30 07:15:28.433631	2024-05-07 10:00:00	t
96	Michelle	Hayes	michelle.h.96@yandex.com	hashed_password_96	+38044123496	1994-11-27	2025-06-30 07:15:28.433631	2024-06-04 17:00:00	t
97	Scott	Myers	scott.m.97@inbox.com	hashed_password_97	+38044123497	1981-04-10	2025-06-30 07:15:28.433631	2024-04-30 08:45:00	t
98	Stephanie	Ford	stephanie.f.98@tutanota.com	hashed_password_98	+38044123498	1998-09-02	2025-06-30 07:15:28.433631	2024-06-28 19:00:00	t
99	Jeffrey	Hamilton	jeffrey.h.99@mail.ru	hashed_password_99	+38044123499	1979-02-15	2025-06-30 07:15:28.433631	2024-05-05 12:00:00	t
100	Kimberly	Graham	kimberly.g.100@webmail.com	hashed_password_100	+38044123500	1990-07-20	2025-06-30 07:15:28.433631	2024-06-12 16:00:00	t
\.


--
-- Name: categories_id_seq; Type: SEQUENCE SET; Schema: public; Owner: user
--

SELECT pg_catalog.setval('public.categories_id_seq', 10, true);


--
-- Name: products_id_seq; Type: SEQUENCE SET; Schema: public; Owner: user
--

SELECT pg_catalog.setval('public.products_id_seq', 50, true);


--
-- Name: sales_id_seq; Type: SEQUENCE SET; Schema: public; Owner: user
--

SELECT pg_catalog.setval('public.sales_id_seq', 2001, true);


--
-- Name: users_id_seq; Type: SEQUENCE SET; Schema: public; Owner: user
--

SELECT pg_catalog.setval('public.users_id_seq', 100, true);


--
-- Name: categories categories_name_key; Type: CONSTRAINT; Schema: public; Owner: user
--

ALTER TABLE ONLY public.categories
    ADD CONSTRAINT categories_name_key UNIQUE (name);


--
-- Name: categories categories_pkey; Type: CONSTRAINT; Schema: public; Owner: user
--

ALTER TABLE ONLY public.categories
    ADD CONSTRAINT categories_pkey PRIMARY KEY (id);


--
-- Name: products products_pkey; Type: CONSTRAINT; Schema: public; Owner: user
--

ALTER TABLE ONLY public.products
    ADD CONSTRAINT products_pkey PRIMARY KEY (id);


--
-- Name: sales sales_pkey; Type: CONSTRAINT; Schema: public; Owner: user
--

ALTER TABLE ONLY public.sales
    ADD CONSTRAINT sales_pkey PRIMARY KEY (id);


--
-- Name: users users_email_key; Type: CONSTRAINT; Schema: public; Owner: user
--

ALTER TABLE ONLY public.users
    ADD CONSTRAINT users_email_key UNIQUE (email);


--
-- Name: users users_pkey; Type: CONSTRAINT; Schema: public; Owner: user
--

ALTER TABLE ONLY public.users
    ADD CONSTRAINT users_pkey PRIMARY KEY (id);


--
-- Name: products fk_category; Type: FK CONSTRAINT; Schema: public; Owner: user
--

ALTER TABLE ONLY public.products
    ADD CONSTRAINT fk_category FOREIGN KEY (category_id) REFERENCES public.categories(id) ON DELETE SET NULL;


--
-- Name: sales fk_product; Type: FK CONSTRAINT; Schema: public; Owner: user
--

ALTER TABLE ONLY public.sales
    ADD CONSTRAINT fk_product FOREIGN KEY (product_id) REFERENCES public.products(id) ON DELETE CASCADE;


--
-- Name: sales fk_user; Type: FK CONSTRAINT; Schema: public; Owner: user
--

ALTER TABLE ONLY public.sales
    ADD CONSTRAINT fk_user FOREIGN KEY (user_id) REFERENCES public.users(id) ON DELETE CASCADE;


--
-- PostgreSQL database dump complete
--

--
-- Database "postgres" dump
--

--
-- PostgreSQL database dump
--

-- Dumped from database version 15.13 (Debian 15.13-1.pgdg120+1)
-- Dumped by pg_dump version 15.13 (Debian 15.13-1.pgdg120+1)

SET statement_timeout = 0;
SET lock_timeout = 0;
SET idle_in_transaction_session_timeout = 0;
SET client_encoding = 'UTF8';
SET standard_conforming_strings = on;
SELECT pg_catalog.set_config('search_path', '', false);
SET check_function_bodies = false;
SET xmloption = content;
SET client_min_messages = warning;
SET row_security = off;

DROP DATABASE postgres;
--
-- Name: postgres; Type: DATABASE; Schema: -; Owner: user
--

CREATE DATABASE postgres WITH TEMPLATE = template0 ENCODING = 'UTF8' LOCALE_PROVIDER = libc LOCALE = 'en_US.utf8';


ALTER DATABASE postgres OWNER TO "user";

\connect postgres

SET statement_timeout = 0;
SET lock_timeout = 0;
SET idle_in_transaction_session_timeout = 0;
SET client_encoding = 'UTF8';
SET standard_conforming_strings = on;
SELECT pg_catalog.set_config('search_path', '', false);
SET check_function_bodies = false;
SET xmloption = content;
SET client_min_messages = warning;
SET row_security = off;

--
-- Name: DATABASE postgres; Type: COMMENT; Schema: -; Owner: user
--

COMMENT ON DATABASE postgres IS 'default administrative connection database';


SET default_tablespace = '';

SET default_table_access_method = heap;

--
-- Name: categories; Type: TABLE; Schema: public; Owner: user
--

CREATE TABLE public.categories (
    id integer NOT NULL,
    name character varying(100) NOT NULL,
    description text,
    created_at timestamp without time zone DEFAULT CURRENT_TIMESTAMP
);


ALTER TABLE public.categories OWNER TO "user";

--
-- Name: categories_id_seq; Type: SEQUENCE; Schema: public; Owner: user
--

CREATE SEQUENCE public.categories_id_seq
    AS integer
    START WITH 1
    INCREMENT BY 1
    NO MINVALUE
    NO MAXVALUE
    CACHE 1;


ALTER TABLE public.categories_id_seq OWNER TO "user";

--
-- Name: categories_id_seq; Type: SEQUENCE OWNED BY; Schema: public; Owner: user
--

ALTER SEQUENCE public.categories_id_seq OWNED BY public.categories.id;


--
-- Name: products; Type: TABLE; Schema: public; Owner: user
--

CREATE TABLE public.products (
    id integer NOT NULL,
    name character varying(255) NOT NULL,
    description text,
    price numeric(10,2) NOT NULL,
    category_id integer,
    stock_quantity integer DEFAULT 0 NOT NULL,
    created_at timestamp without time zone DEFAULT CURRENT_TIMESTAMP,
    updated_at timestamp without time zone
);


ALTER TABLE public.products OWNER TO "user";

--
-- Name: products_id_seq; Type: SEQUENCE; Schema: public; Owner: user
--

CREATE SEQUENCE public.products_id_seq
    AS integer
    START WITH 1
    INCREMENT BY 1
    NO MINVALUE
    NO MAXVALUE
    CACHE 1;


ALTER TABLE public.products_id_seq OWNER TO "user";

--
-- Name: products_id_seq; Type: SEQUENCE OWNED BY; Schema: public; Owner: user
--

ALTER SEQUENCE public.products_id_seq OWNED BY public.products.id;


--
-- Name: sales; Type: TABLE; Schema: public; Owner: user
--

CREATE TABLE public.sales (
    id integer NOT NULL,
    product_id integer NOT NULL,
    user_id integer NOT NULL,
    quantity integer NOT NULL,
    total_price numeric(10,2) NOT NULL,
    sale_date timestamp without time zone DEFAULT CURRENT_TIMESTAMP,
    CONSTRAINT sales_quantity_check CHECK ((quantity > 0))
);


ALTER TABLE public.sales OWNER TO "user";

--
-- Name: sales_id_seq; Type: SEQUENCE; Schema: public; Owner: user
--

CREATE SEQUENCE public.sales_id_seq
    AS integer
    START WITH 1
    INCREMENT BY 1
    NO MINVALUE
    NO MAXVALUE
    CACHE 1;


ALTER TABLE public.sales_id_seq OWNER TO "user";

--
-- Name: sales_id_seq; Type: SEQUENCE OWNED BY; Schema: public; Owner: user
--

ALTER SEQUENCE public.sales_id_seq OWNED BY public.sales.id;


--
-- Name: users; Type: TABLE; Schema: public; Owner: user
--

CREATE TABLE public.users (
    id integer NOT NULL,
    first_name character varying(50) NOT NULL,
    last_name character varying(50),
    email character varying(100) NOT NULL,
    password_hash character varying(255) NOT NULL,
    phone_number character varying(20),
    date_of_birth date,
    registration_date timestamp without time zone DEFAULT CURRENT_TIMESTAMP,
    last_login timestamp without time zone,
    is_active boolean DEFAULT true
);


ALTER TABLE public.users OWNER TO "user";

--
-- Name: users_id_seq; Type: SEQUENCE; Schema: public; Owner: user
--

CREATE SEQUENCE public.users_id_seq
    AS integer
    START WITH 1
    INCREMENT BY 1
    NO MINVALUE
    NO MAXVALUE
    CACHE 1;


ALTER TABLE public.users_id_seq OWNER TO "user";

--
-- Name: users_id_seq; Type: SEQUENCE OWNED BY; Schema: public; Owner: user
--

ALTER SEQUENCE public.users_id_seq OWNED BY public.users.id;


--
-- Name: categories id; Type: DEFAULT; Schema: public; Owner: user
--

ALTER TABLE ONLY public.categories ALTER COLUMN id SET DEFAULT nextval('public.categories_id_seq'::regclass);


--
-- Name: products id; Type: DEFAULT; Schema: public; Owner: user
--

ALTER TABLE ONLY public.products ALTER COLUMN id SET DEFAULT nextval('public.products_id_seq'::regclass);


--
-- Name: sales id; Type: DEFAULT; Schema: public; Owner: user
--

ALTER TABLE ONLY public.sales ALTER COLUMN id SET DEFAULT nextval('public.sales_id_seq'::regclass);


--
-- Name: users id; Type: DEFAULT; Schema: public; Owner: user
--

ALTER TABLE ONLY public.users ALTER COLUMN id SET DEFAULT nextval('public.users_id_seq'::regclass);


--
-- Data for Name: categories; Type: TABLE DATA; Schema: public; Owner: user
--

COPY public.categories (id, name, description, created_at) FROM stdin;
1	Electronics	Devices and gadgets including phones, computers, and accessories.	2025-06-30 07:11:47.956101
2	Books	Various genres of books, including fiction, non-fiction, and educational.	2025-06-30 07:11:47.956101
3	Clothing	Apparel for men, women, and children.	2025-06-30 07:11:47.956101
4	Home & Kitchen	Items for home decor, kitchenware, and small appliances.	2025-06-30 07:11:47.956101
5	Sports & Outdoors	Equipment and gear for various sports and outdoor activities.	2025-06-30 07:11:47.956101
6	Beauty & Personal Care	Cosmetics, skincare, haircare, and personal hygiene products.	2025-06-30 07:11:47.956101
7	Toys & Games	Toys for children and board games for all ages.	2025-06-30 07:11:47.956101
8	Automotive	Parts, accessories, and tools for vehicles.	2025-06-30 07:11:47.956101
9	Groceries	Food and beverage items for daily consumption.	2025-06-30 07:11:47.956101
10	Health & Wellness	Supplements, fitness equipment, and wellness products.	2025-06-30 07:11:47.956101
\.


--
-- Data for Name: products; Type: TABLE DATA; Schema: public; Owner: user
--

COPY public.products (id, name, description, price, category_id, stock_quantity, created_at, updated_at) FROM stdin;
\.


--
-- Data for Name: sales; Type: TABLE DATA; Schema: public; Owner: user
--

COPY public.sales (id, product_id, user_id, quantity, total_price, sale_date) FROM stdin;
\.


--
-- Data for Name: users; Type: TABLE DATA; Schema: public; Owner: user
--

COPY public.users (id, first_name, last_name, email, password_hash, phone_number, date_of_birth, registration_date, last_login, is_active) FROM stdin;
1	John	Doe	john.doe.1@gmail.com	hashed_password_1	+12125550101	1985-03-10	2025-06-30 07:11:11.546589	2024-06-25 10:30:00	t
2	Jane	Smith	jane.smith.2@hotmail.com	hashed_password_2	+442079460002	1992-07-22	2025-06-30 07:11:11.546589	2024-05-18 14:15:00	t
3	Robert	Johnson	robert.j.3@outlook.com	hashed_password_3	+493012345673	1978-01-05	2025-06-30 07:11:11.546589	2024-06-01 08:00:00	t
4	Emily	Brown	emily.b.4@yahoo.com	hashed_password_4	+33123456784	1995-11-30	2025-06-30 07:11:11.546589	2024-04-10 20:00:00	t
5	Michael	Davis	michael.d.5@example.com	hashed_password_5	+81312345675	1980-09-12	2025-06-30 07:11:11.546589	2024-06-29 11:45:00	t
6	Sarah	Miller	sarah.m.6@protonmail.com	hashed_password_6	+61298765436	1990-04-18	2025-06-30 07:11:11.546589	2024-06-28 09:00:00	t
7	David	Wilson	david.w.7@aol.com	hashed_password_7	+551198765437	1983-02-25	2025-06-30 07:11:11.546589	2024-05-05 16:20:00	t
8	Jessica	Moore	jessica.m.8@zohomail.com	hashed_password_8	+919876543218	1997-12-01	2025-06-30 07:11:11.546589	2024-06-15 13:00:00	t
9	Chris	Taylor	chris.t.9@icloud.com	hashed_password_9	+74951234569	1988-06-03	2025-06-30 07:11:11.546589	2024-03-20 07:30:00	t
10	Laura	Anderson	laura.a.10@gmx.com	hashed_password_10	+34911234560	1993-08-14	2025-06-30 07:11:11.546589	2024-06-27 18:00:00	t
11	Daniel	Thomas	daniel.t.11@live.com	hashed_password_11	+13051234561	1981-10-29	2025-06-30 07:11:11.546589	2024-05-22 09:10:00	t
12	Olivia	Jackson	olivia.j.12@mail.com	hashed_password_12	+861012345672	1996-03-07	2025-06-30 07:11:11.546589	2024-06-08 21:00:00	t
13	James	White	james.w.13@web.de	hashed_password_13	+39061234563	1975-05-19	2025-06-30 07:11:11.546589	2024-04-28 11:00:00	t
14	Sophia	Harris	sophia.h.14@outlook.co.uk	hashed_password_14	+46812345674	1991-09-02	2025-06-30 07:11:11.546589	2024-06-20 15:30:00	t
15	William	Martin	william.m.15@yahoo.co.in	hashed_password_15	+27111234565	1987-01-28	2025-06-30 07:11:11.546589	2024-05-11 10:00:00	t
16	Ava	Thompson	ava.t.16@yandex.com	hashed_password_16	+525512345676	1994-04-04	2025-06-30 07:11:11.546589	2024-06-03 17:00:00	t
17	Ethan	Garcia	ethan.g.17@inbox.com	hashed_password_17	+64912345677	1982-11-17	2025-06-30 07:11:11.546589	2024-04-25 08:45:00	t
18	Mia	Martinez	mia.m.18@tutanota.com	hashed_password_18	+43112345678	1998-07-09	2025-06-30 07:11:11.546589	2024-06-26 19:00:00	t
19	Alexander	Robinson	alex.r.19@mail.ru	hashed_password_19	+48221234569	1979-08-21	2025-06-30 07:11:11.546589	2024-05-01 12:00:00	t
20	Charlotte	Clark	charlotte.c.20@webmail.com	hashed_password_20	+82212345670	1990-01-01	2025-06-30 07:11:11.546589	2024-06-10 16:00:00	t
21	Noah	Rodriguez	noah.r.21@usa.com	hashed_password_21	+14161234561	1986-04-15	2025-06-30 07:11:11.546589	2024-03-01 09:30:00	t
22	Amelia	Lewis	amelia.l.22@fastmail.com	hashed_password_22	+35311234562	1993-09-28	2025-06-30 07:11:11.546589	2024-06-24 14:00:00	t
23	Lucas	Lee	lucas.l.23@zoho.eu	hashed_password_23	+47221234563	1984-12-03	2025-06-30 07:11:11.546589	2024-05-29 10:15:00	t
24	Harper	Walker	harper.w.24@email.com	hashed_password_24	+45321234564	1996-02-19	2025-06-30 07:11:11.546589	2024-06-18 11:30:00	t
25	Benjamin	Hall	benjamin.h.25@gmx.net	hashed_password_25	+31201234565	1977-06-08	2025-06-30 07:11:11.546589	2024-04-05 13:45:00	t
26	Evelyn	Allen	evelyn.a.26@mail.ru	hashed_password_26	+41221234566	1991-10-23	2025-06-30 07:11:11.546589	2024-06-21 09:00:00	t
27	Mason	Young	mason.y.27@yahoo.es	hashed_password_27	+30210123457	1989-03-01	2025-06-30 07:11:11.546589	2024-05-09 16:00:00	t
28	Abigail	Hernandez	abigail.h.28@outlook.fr	hashed_password_28	+35891234568	1995-08-06	2025-06-30 07:11:11.546589	2024-06-06 22:00:00	t
29	Logan	King	logan.k.29@gmail.co.uk	hashed_password_29	+42021234569	1980-11-11	2025-06-30 07:11:11.546589	2024-04-17 07:00:00	t
30	Elizabeth	Wright	elizabeth.w.30@hotmail.co.uk	hashed_password_30	+40211234560	1992-05-26	2025-06-30 07:11:11.546589	2024-06-23 10:00:00	t
31	Jackson	Lopez	jackson.l.31@aol.co.uk	hashed_password_31	+36112345671	1976-02-09	2025-06-30 07:11:11.546589	2024-05-15 15:00:00	t
32	Sofia	Hill	sofia.h.32@example.org	hashed_password_32	+46701234562	1997-07-04	2025-06-30 07:11:11.546589	2024-06-12 12:00:00	t
33	Aiden	Scott	aiden.s.33@protonmail.ch	hashed_password_33	+41441234563	1983-10-18	2025-06-30 07:11:11.546589	2024-03-28 08:30:00	t
34	Grace	Green	grace.g.34@outlook.de	hashed_password_34	+32212345674	1994-01-21	2025-06-30 07:11:11.546589	2024-06-29 16:40:00	t
35	Joseph	Adams	joseph.a.35@mail.com	hashed_password_35	+351212345675	1988-05-07	2025-06-30 07:11:11.546589	2024-05-02 11:20:00	t
36	Chloe	Baker	chloe.b.36@yahoo.fr	hashed_password_36	+38044123456	1990-11-01	2025-06-30 07:11:11.546589	2024-06-07 19:00:00	t
37	Samuel	Nelson	samuel.n.37@gmx.fr	hashed_password_37	+42121234567	1981-08-13	2025-06-30 07:11:11.546589	2024-04-01 09:00:00	t
38	Ella	Carter	ella.c.38@icloud.com	hashed_password_38	+37051234568	1996-04-26	2025-06-30 07:11:11.546589	2024-06-22 13:00:00	t
39	David	Mitchell	david.m.39@live.co.uk	hashed_password_39	+37167123459	1974-09-09	2025-06-30 07:11:11.546589	2024-05-25 10:40:00	t
40	Victoria	Perez	victoria.p.40@web.de	hashed_password_40	+37261234560	1993-02-02	2025-06-30 07:11:11.546589	2024-06-16 18:30:00	t
41	Matthew	Roberts	matthew.r.41@gmail.de	hashed_password_41	+38611234561	1985-06-17	2025-06-30 07:11:11.546589	2024-04-12 07:45:00	t
42	Aria	Turner	aria.t.42@hotmail.de	hashed_password_42	+38511234562	1998-10-08	2025-06-30 07:11:11.546589	2024-06-30 09:00:00	t
43	Leo	Phillips	leo.p.43@outlook.es	hashed_password_43	+35921234563	1979-03-24	2025-06-30 07:11:11.546589	2024-05-08 14:00:00	t
44	Scarlett	Campbell	scarlett.c.44@yahoo.de	hashed_password_44	+35221234564	1991-07-11	2025-06-30 07:11:11.546589	2024-06-05 20:30:00	t
45	Julian	Parker	julian.p.45@example.net	hashed_password_45	+35722123455	1982-12-06	2025-06-30 07:11:11.546589	2024-04-08 11:00:00	t
46	Hannah	Evans	hannah.e.46@protonmail.com	hashed_password_46	+37517123456	1997-05-01	2025-06-30 07:11:11.546589	2024-06-28 15:00:00	t
47	Gabriel	Edwards	gabriel.e.47@aol.de	hashed_password_47	+37322123457	1980-08-16	2025-06-30 07:11:11.546589	2024-05-03 08:00:00	t
48	Zoe	Collins	zoe.c.48@zohomail.eu	hashed_password_48	+38111234568	1994-03-09	2025-06-30 07:11:11.546589	2024-06-19 17:30:00	t
49	Anthony	Stewart	anthony.s.49@icloud.co.uk	hashed_password_49	+38733123459	1987-11-20	2025-06-30 07:11:11.546589	2024-03-15 09:00:00	t
50	Lily	Sanchez	lily.s.50@gmx.ch	hashed_password_50	+38921234560	1990-06-29	2025-06-30 07:11:11.546589	2024-06-26 10:00:00	t
51	Owen	Morris	owen.m.51@live.fr	hashed_password_51	+35621234561	1983-01-14	2025-06-30 07:11:11.546589	2024-05-20 14:30:00	t
52	Addison	Rogers	addison.r.52@mail.fr	hashed_password_52	+37797123452	1996-09-03	2025-06-30 07:11:11.546589	2024-06-09 21:00:00	t
53	Connor	Reed	connor.r.53@web.fr	hashed_password_53	+37687123453	1975-04-27	2025-06-30 07:11:11.546589	2024-04-20 11:00:00	t
54	Stella	Cook	stella.c.54@outlook.ie	hashed_password_54	+38220123454	1991-12-18	2025-06-30 07:11:11.546589	2024-06-13 15:45:00	t
55	Nathan	Morgan	nathan.m.55@yahoo.ie	hashed_password_55	+38338123455	1988-07-01	2025-06-30 07:11:11.546589	2024-05-06 10:00:00	t
56	Penelope	Bell	penelope.b.56@yandex.ru	hashed_password_56	+38044123456	1994-02-12	2025-06-30 07:11:11.546589	2024-06-02 17:00:00	t
57	Ryan	Murphy	ryan.m.57@inbox.ru	hashed_password_57	+38044123457	1981-10-05	2025-06-30 07:11:11.546589	2024-04-29 08:45:00	t
58	Chloe	Bailey	chloe.b.58@tutanota.de	hashed_password_58	+38044123458	1998-05-23	2025-06-30 07:11:11.546589	2024-06-27 19:00:00	t
59	Caleb	Cooper	caleb.c.59@mail.de	hashed_password_59	+38044123459	1979-09-16	2025-06-30 07:11:11.546589	2024-05-04 12:00:00	t
60	Grace	Richardson	grace.r.60@webmail.de	hashed_password_60	+38044123460	1990-02-07	2025-06-30 07:11:11.546589	2024-06-11 16:00:00	t
61	Isaac	Cox	isaac.c.61@usa.com	hashed_password_61	+38044123461	1986-07-20	2025-06-30 07:11:11.546589	2024-03-05 09:30:00	t
62	Samantha	Howard	samantha.h.62@fastmail.de	hashed_password_62	+38044123462	1993-12-04	2025-06-30 07:11:11.546589	2024-06-25 14:00:00	t
63	Nathaniel	Ward	nathaniel.w.63@zoho.com	hashed_password_63	+38044123463	1984-05-10	2025-06-30 07:11:11.546589	2024-05-30 10:15:00	t
64	Victoria	Torres	victoria.t.64@email.de	hashed_password_64	+38044123464	1996-08-25	2025-06-30 07:11:11.546589	2024-06-19 11:30:00	t
65	Gabriel	Peterson	gabriel.p.65@gmx.at	hashed_password_65	+38044123465	1977-01-30	2025-06-30 07:11:11.546589	2024-04-06 13:45:00	t
66	Audrey	Gray	audrey.g.66@mail.at	hashed_password_66	+38044123466	1991-06-13	2025-06-30 07:11:11.546589	2024-06-22 09:00:00	t
67	Andrew	Ramirez	andrew.r.67@yahoo.at	hashed_password_67	+38044123467	1989-10-27	2025-06-30 07:11:11.546589	2024-05-10 16:00:00	t
68	Stella	James	stella.j.68@outlook.at	hashed_password_68	+38044123468	1995-03-02	2025-06-30 07:11:11.546589	2024-06-07 22:00:00	t
69	Julian	Watson	julian.w.69@gmail.at	hashed_password_69	+38044123469	1980-07-15	2025-06-30 07:11:11.546589	2024-04-18 07:00:00	t
70	Layla	Brooks	layla.b.70@hotmail.at	hashed_password_70	+38044123470	1992-12-08	2025-06-30 07:11:11.546589	2024-06-24 10:00:00	t
71	Christian	Kelly	christian.k.71@aol.at	hashed_password_71	+38044123471	1976-05-01	2025-06-30 07:11:11.546589	2024-05-16 15:00:00	t
72	Aurora	Sanders	aurora.s.72@example.at	hashed_password_72	+38044123472	1997-10-14	2025-06-30 07:11:11.546589	2024-06-13 12:00:00	t
73	Dylan	Price	dylan.p.73@protonmail.at	hashed_password_73	+38044123473	1983-03-29	2025-06-30 07:11:11.546589	2024-03-29 08:30:00	t
74	Eleanor	Bennett	eleanor.b.74@zohomail.at	hashed_password_74	+38044123474	1994-08-19	2025-06-30 07:11:11.546589	2024-06-30 16:40:00	t
75	Christopher	Wood	chris.w.75@icloud.at	hashed_password_75	+38044123475	1988-01-03	2025-06-30 07:11:11.546589	2024-05-04 11:20:00	t
76	Brooklyn	Barnes	brooklyn.b.76@gmx.at	hashed_password_76	+38044123476	1990-07-25	2025-06-30 07:11:11.546589	2024-06-08 19:00:00	t
77	Adam	Ross	adam.r.77@live.at	hashed_password_77	+38044123477	1981-12-09	2025-06-30 07:11:11.546589	2024-04-02 09:00:00	t
78	Clara	Henderson	clara.h.78@mail.at	hashed_password_78	+38044123478	1996-05-04	2025-06-30 07:11:11.546589	2024-06-23 13:00:00	t
79	Jonathan	Coleman	jonathan.c.79@web.at	hashed_password_79	+38044123479	1974-10-10	2025-06-30 07:11:11.546589	2024-05-26 10:40:00	t
80	Alice	Jenkins	alice.j.80@outlook.com	hashed_password_80	+38044123480	1993-03-05	2025-06-30 07:11:11.546589	2024-06-17 18:30:00	t
81	Luke	Perry	luke.p.81@gmail.com	hashed_password_81	+38044123481	1985-08-18	2025-06-30 07:11:11.546589	2024-04-13 07:45:00	t
82	Maya	Powell	maya.p.82@hotmail.com	hashed_password_82	+38044123482	1998-01-09	2025-06-30 07:11:11.546589	2024-06-29 09:00:00	t
83	Brandon	Long	brandon.l.83@outlook.com	hashed_password_83	+38044123483	1979-06-26	2025-06-30 07:11:11.546589	2024-05-09 14:00:00	t
84	Anna	Patterson	anna.p.84@yahoo.com	hashed_password_84	+38044123484	1991-11-13	2025-06-30 07:11:11.546589	2024-06-06 20:30:00	t
85	Sean	Hughes	sean.h.85@example.com	hashed_password_85	+38044123485	1982-04-08	2025-06-30 07:11:11.546589	2024-04-09 11:00:00	t
86	Victoria	Flores	victoria.f.86@protonmail.com	hashed_password_86	+38044123486	1997-09-22	2025-06-30 07:11:11.546589	2024-06-29 15:00:00	t
87	Kevin	Washington	kevin.w.87@aol.com	hashed_password_87	+38044123487	1980-02-04	2025-06-30 07:11:11.546589	2024-05-05 08:00:00	t
88	Maria	Butler	maria.b.88@zohomail.com	hashed_password_88	+38044123488	1994-07-17	2025-06-30 07:11:11.546589	2024-06-20 17:30:00	t
89	Justin	Simmons	justin.s.89@icloud.com	hashed_password_89	+38044123489	1987-12-02	2025-06-30 07:11:11.546589	2024-03-16 09:00:00	t
90	Sarah	Foster	sarah.f.90@gmx.com	hashed_password_90	+38044123490	1990-05-15	2025-06-30 07:11:11.546589	2024-06-27 10:00:00	t
91	Eric	Gonzales	eric.g.91@live.com	hashed_password_91	+38044123491	1983-10-28	2025-06-30 07:11:11.546589	2024-05-21 14:30:00	t
92	Megan	Bryant	megan.b.92@mail.com	hashed_password_92	+38044123492	1996-03-21	2025-06-30 07:11:11.546589	2024-06-10 21:00:00	t
93	Jose	Russell	jose.r.93@web.de	hashed_password_93	+38044123493	1975-08-05	2025-06-30 07:11:11.546589	2024-04-21 11:00:00	t
94	Lauren	Griffin	lauren.g.94@outlook.co.uk	hashed_password_94	+38044123494	1991-01-18	2025-06-30 07:11:11.546589	2024-06-14 15:45:00	t
95	Tyler	Diaz	tyler.d.95@yahoo.co.in	hashed_password_95	+38044123495	1988-06-03	2025-06-30 07:11:11.546589	2024-05-07 10:00:00	t
96	Michelle	Hayes	michelle.h.96@yandex.com	hashed_password_96	+38044123496	1994-11-27	2025-06-30 07:11:11.546589	2024-06-04 17:00:00	t
97	Scott	Myers	scott.m.97@inbox.com	hashed_password_97	+38044123497	1981-04-10	2025-06-30 07:11:11.546589	2024-04-30 08:45:00	t
98	Stephanie	Ford	stephanie.f.98@tutanota.com	hashed_password_98	+38044123498	1998-09-02	2025-06-30 07:11:11.546589	2024-06-28 19:00:00	t
99	Jeffrey	Hamilton	jeffrey.h.99@mail.ru	hashed_password_99	+38044123499	1979-02-15	2025-06-30 07:11:11.546589	2024-05-05 12:00:00	t
100	Kimberly	Graham	kimberly.g.100@webmail.com	hashed_password_100	+38044123500	1990-07-20	2025-06-30 07:11:11.546589	2024-06-12 16:00:00	t
\.


--
-- Name: categories_id_seq; Type: SEQUENCE SET; Schema: public; Owner: user
--

SELECT pg_catalog.setval('public.categories_id_seq', 11, true);


--
-- Name: products_id_seq; Type: SEQUENCE SET; Schema: public; Owner: user
--

SELECT pg_catalog.setval('public.products_id_seq', 1, false);


--
-- Name: sales_id_seq; Type: SEQUENCE SET; Schema: public; Owner: user
--

SELECT pg_catalog.setval('public.sales_id_seq', 1, false);


--
-- Name: users_id_seq; Type: SEQUENCE SET; Schema: public; Owner: user
--

SELECT pg_catalog.setval('public.users_id_seq', 100, true);


--
-- Name: categories categories_name_key; Type: CONSTRAINT; Schema: public; Owner: user
--

ALTER TABLE ONLY public.categories
    ADD CONSTRAINT categories_name_key UNIQUE (name);


--
-- Name: categories categories_pkey; Type: CONSTRAINT; Schema: public; Owner: user
--

ALTER TABLE ONLY public.categories
    ADD CONSTRAINT categories_pkey PRIMARY KEY (id);


--
-- Name: products products_pkey; Type: CONSTRAINT; Schema: public; Owner: user
--

ALTER TABLE ONLY public.products
    ADD CONSTRAINT products_pkey PRIMARY KEY (id);


--
-- Name: sales sales_pkey; Type: CONSTRAINT; Schema: public; Owner: user
--

ALTER TABLE ONLY public.sales
    ADD CONSTRAINT sales_pkey PRIMARY KEY (id);


--
-- Name: users users_email_key; Type: CONSTRAINT; Schema: public; Owner: user
--

ALTER TABLE ONLY public.users
    ADD CONSTRAINT users_email_key UNIQUE (email);


--
-- Name: users users_pkey; Type: CONSTRAINT; Schema: public; Owner: user
--

ALTER TABLE ONLY public.users
    ADD CONSTRAINT users_pkey PRIMARY KEY (id);


--
-- Name: products fk_category; Type: FK CONSTRAINT; Schema: public; Owner: user
--

ALTER TABLE ONLY public.products
    ADD CONSTRAINT fk_category FOREIGN KEY (category_id) REFERENCES public.categories(id) ON DELETE SET NULL;


--
-- Name: sales fk_product; Type: FK CONSTRAINT; Schema: public; Owner: user
--

ALTER TABLE ONLY public.sales
    ADD CONSTRAINT fk_product FOREIGN KEY (product_id) REFERENCES public.products(id) ON DELETE CASCADE;


--
-- Name: sales fk_user; Type: FK CONSTRAINT; Schema: public; Owner: user
--

ALTER TABLE ONLY public.sales
    ADD CONSTRAINT fk_user FOREIGN KEY (user_id) REFERENCES public.users(id) ON DELETE CASCADE;


--
-- PostgreSQL database dump complete
--

--
-- PostgreSQL database cluster dump complete
--

